CustomerID,SignupDate,EventDate,Quantity,UnitPrice,Revenue
C10000,2009-01-25,2009-01-01,3,59.67,179.01
C10000,2009-01-25,2009-01-02,4,63.0,252.0
C10000,2009-01-25,2009-01-15,6,54.53,327.18
C10000,2009-01-25,2009-03-03,7,79.68,557.76
C10000,2009-01-25,2009-03-03,8,81.59,652.72
C10000,2009-01-25,2009-03-04,2,51.28,102.56
C10000,2009-01-25,2009-03-17,7,62.23,435.61
C10001,2009-07-31,2009-07-04,7,49.51,346.57
C10001,2009-07-31,2009-07-13,6,45.38,272.28
C10001,2009-07-31,2009-07-15,7,16.22,113.54
C10001,2009-07-31,2009-07-20,9,68.34,615.06
C10001,2009-07-31,2009-08-17,2,11.94,23.88
C10001,2009-07-31,2009-09-06,8,29.69,237.52
C10001,2009-07-31,2009-09-20,1,56.6,56.6
C10001,2009-07-31,2009-09-20,5,66.27,331.35
C10001,2009-07-31,2009-09-20,10,65.29,652.9
C10002,2009-06-28,2009-06-04,7,33.82,236.74
C10002,2009-06-28,2009-06-09,11,79.7,876.7
C10002,2009-06-28,2009-06-10,6,15.08,90.48
C10002,2009-06-28,2009-06-12,2,47.9,95.8
C10003,2009-04-30,2009-04-01,8,80.95,647.6
C10003,2009-04-30,2009-04-12,2,72.59,145.18
C10003,2009-04-30,2009-04-24,8,12.12,96.96
C10003,2009-04-30,2009-07-13,8,26.51,212.08
C10004,2009-04-29,2009-04-02,10,25.56,255.6
C10004,2009-04-29,2009-04-04,8,9.51,76.08
C10004,2009-04-29,2009-04-18,11,57.25,629.75
C10004,2009-04-29,2009-04-22,10,10.83,108.3
C10004,2009-04-29,2009-06-07,5,66.47,332.35
C10004,2009-04-29,2009-07-01,11,56.47,621.17
C10004,2009-04-29,2009-08-01,2,52.29,104.58
C10004,2009-04-29,2009-12-19,9,79.01,711.09
C10005,2009-08-23,2009-08-02,2,43.88,87.76
C10005,2009-08-23,2009-08-04,6,54.29,325.74
C10005,2009-08-23,2009-08-21,1,14.88,14.88
C10005,2009-08-23,2009-08-23,5,18.75,93.75
C10005,2009-08-23,2009-10-01,3,60.92,182.76
C10005,2009-08-23,2009-10-01,1,75.38,75.38
C10005,2009-08-23,2009-10-14,1,53.15,53.15
C10005,2009-08-23,2009-10-15,11,52.76,580.36
C10005,2009-08-23,2009-12-03,9,83.34,750.06
C10005,2009-08-23,2009-12-05,7,67.08,469.56
C10006,2009-01-24,2009-01-07,11,27.01,297.11
C10006,2009-01-24,2009-01-12,7,60.08,420.56
C10006,2009-01-24,2009-04-11,2,13.13,26.26
C10006,2009-01-24,2009-04-14,8,41.36,330.88
C10007,2009-07-10,2009-07-03,4,37.52,150.08
C10008,2009-02-25,2009-02-07,4,60.27,241.08
C10008,2009-02-25,2009-02-09,4,41.35,165.4
C10008,2009-02-25,2009-02-12,2,49.51,99.02
C10008,2009-02-25,2009-02-16,7,4.99,34.93
C10008,2009-02-25,2009-05-06,5,53.96,269.8
C10008,2009-02-25,2009-05-07,9,47.58,428.22
C10008,2009-02-25,2009-05-15,4,44.56,178.24
C10009,2009-01-26,2009-01-15,3,71.5,214.5
C10009,2009-01-26,2009-01-24,2,43.8,87.6
C10009,2009-01-26,2009-01-25,9,68.39,615.51
C10009,2009-01-26,2009-02-02,2,7.98,15.96
C10009,2009-01-26,2009-02-24,10,6.61,66.1
C10009,2009-01-26,2009-03-05,1,3.22,3.22
C10009,2009-01-26,2009-03-10,6,28.05,168.3
C10009,2009-01-26,2009-03-21,5,73.09,365.45
C10009,2009-01-26,2009-05-03,11,66.08,726.88
C10009,2009-01-26,2009-05-07,7,11.93,83.51
C10009,2009-01-26,2009-05-12,4,59.08,236.32
C10009,2009-01-26,2009-05-14,5,81.55,407.75
C10010,2009-05-24,2009-05-05,11,48.15,529.65
C10010,2009-05-24,2009-05-06,9,15.59,140.31
C10010,2009-05-24,2009-05-15,8,71.41,571.28
C10011,2009-09-24,2009-09-02,5,40.95,204.75
C10011,2009-09-24,2009-09-09,1,64.69,64.69
C10011,2009-09-24,2009-09-14,5,34.58,172.9
C10011,2009-09-24,2009-09-25,2,17.02,34.04
C10011,2009-09-24,2009-11-07,3,42.69,128.07
C10011,2009-09-24,2009-11-08,11,42.94,472.34
C10011,2009-09-24,2009-11-16,1,22.22,22.22
C10012,2009-07-20,2009-07-16,8,57.63,461.04
C10012,2009-07-20,2009-09-10,9,30.09,270.81
C10012,2009-07-20,2009-09-15,11,42.05,462.55
C10012,2009-07-20,2009-09-23,6,72.72,436.32
C10013,2009-07-27,2009-07-11,2,30.13,60.26
C10013,2009-07-27,2009-07-14,2,35.08,70.16
C10013,2009-07-27,2009-07-16,6,46.11,276.66
C10013,2009-07-27,2009-07-27,11,54.36,597.96
C10013,2009-07-27,2009-08-01,7,39.2,274.4
C10013,2009-07-27,2009-08-26,5,51.67,258.35
C10013,2009-07-27,2009-09-12,4,60.35,241.4
C10013,2009-07-27,2009-09-15,7,83.49,584.43
C10014,2009-07-15,2009-07-20,7,73.94,517.58
C10014,2009-07-15,2009-07-22,1,62.79,62.79
C10014,2009-07-15,2009-07-25,6,81.95,491.7
C10014,2009-07-15,2009-08-18,7,56.29,394.03
C10015,2009-08-03,2009-08-02,6,42.65,255.9
C10015,2009-08-03,2009-08-21,10,40.59,405.9
C10015,2009-08-03,2009-10-02,9,9.04,81.36
C10015,2009-08-03,2009-10-06,7,68.57,479.99
C10015,2009-08-03,2009-10-07,1,32.93,32.93
C10015,2009-08-03,2009-10-08,11,70.27,772.97
C10015,2009-08-03,2009-11-03,11,61.2,673.2
C10015,2009-08-03,2009-11-19,8,73.83,590.64
C10016,2009-05-21,2009-05-07,10,2.37,23.7
C10016,2009-05-21,2009-05-11,9,6.06,54.54
C10016,2009-05-21,2009-05-25,3,53.62,160.86
C10016,2009-05-21,2009-05-26,6,58.21,349.26
C10016,2009-05-21,2009-06-07,6,72.83,436.98
C10016,2009-05-21,2009-06-10,10,51.0,510.0
C10016,2009-05-21,2009-06-11,8,57.74,461.92
C10016,2009-05-21,2009-06-25,3,72.78,218.34
C10016,2009-05-21,2009-07-04,4,75.58,302.32
C10016,2009-05-21,2009-07-24,3,9.04,27.12
C10016,2009-05-21,2009-08-20,5,84.9,424.5
C10016,2009-05-21,2009-08-22,8,35.86,286.88
C10016,2009-05-21,2009-09-04,7,84.8,593.6
C10016,2009-05-21,2009-09-24,8,51.4,411.2
C10017,2009-02-04,2009-02-10,1,18.76,18.76
C10017,2009-02-04,2009-03-09,5,54.67,273.35
C10017,2009-02-04,2009-04-12,10,64.41,644.1
C10017,2009-02-04,2009-04-26,6,25.62,153.72
C10018,2009-08-18,2009-08-06,7,56.24,393.68
C10018,2009-08-18,2009-08-09,6,63.61,381.66
C10018,2009-08-18,2009-08-16,4,77.45,309.8
C10018,2009-08-18,2009-09-07,4,14.9,59.6
C10018,2009-08-18,2009-09-09,4,25.51,102.04
C10018,2009-08-18,2009-09-16,7,38.39,268.73
C10018,2009-08-18,2009-09-24,1,67.73,67.73
C10019,2009-05-03,2009-05-05,7,10.46,73.22
C10019,2009-05-03,2009-05-07,9,76.91,692.19
C10019,2009-05-03,2009-05-08,9,17.37,156.33
C10019,2009-05-03,2009-05-12,8,81.29,650.32
C10019,2009-05-03,2009-06-01,9,5.41,48.69
C10019,2009-05-03,2009-06-03,1,7.44,7.44
C10019,2009-05-03,2009-06-07,11,44.84,493.24
C10019,2009-05-03,2009-06-12,2,81.66,163.32
C10019,2009-05-03,2009-07-02,1,11.26,11.26
C10019,2009-05-03,2009-07-18,5,7.02,35.1
C10019,2009-05-03,2009-09-01,5,2.1,10.5
C10019,2009-05-03,2009-09-09,6,36.58,219.48
C10019,2009-05-03,2009-09-11,2,11.3,22.6
C10019,2009-05-03,2009-09-24,2,42.63,85.26
C10020,2009-05-17,2009-05-07,4,22.13,88.52
C10020,2009-05-17,2009-05-13,10,23.61,236.1
C10020,2009-05-17,2009-05-25,6,58.71,352.26
C10020,2009-05-17,2009-06-09,3,6.03,18.09
C10020,2009-05-17,2009-06-13,3,5.93,17.79
C10020,2009-05-17,2009-06-26,6,61.06,366.36
C10020,2009-05-17,2009-07-01,11,2.77,30.47
C10020,2009-05-17,2009-08-01,2,53.47,106.94
C10020,2009-05-17,2009-08-03,6,49.24,295.44
C10020,2009-05-17,2009-08-07,3,72.5,217.5
C10020,2009-05-17,2009-08-16,6,72.83,436.98
C10020,2009-05-17,2009-10-25,9,73.01,657.09
C10021,2009-04-12,2009-04-17,11,32.01,352.11
C10021,2009-04-12,2009-04-22,7,51.86,363.02
C10021,2009-04-12,2009-04-22,4,36.36,145.44
C10021,2009-04-12,2009-04-27,9,28.43,255.87
C10021,2009-04-12,2009-05-23,1,4.48,4.48
C10021,2009-04-12,2009-06-01,8,62.19,497.52
C10021,2009-04-12,2009-06-05,10,63.3,633.0
C10021,2009-04-12,2009-07-04,10,51.29,512.9
C10021,2009-04-12,2009-07-07,2,13.93,27.86
C10021,2009-04-12,2009-07-19,8,16.35,130.8
C10022,2009-02-19,2009-02-01,7,50.53,353.71
C10022,2009-02-19,2009-02-04,2,46.5,93.0
C10022,2009-02-19,2009-02-24,2,24.67,49.34
C10022,2009-02-19,2009-02-27,5,76.48,382.4
C10022,2009-02-19,2009-03-06,1,51.44,51.44
C10022,2009-02-19,2009-03-10,8,71.41,571.28
C10022,2009-02-19,2009-03-13,7,26.46,185.22
C10022,2009-02-19,2009-04-07,3,34.88,104.64
C10022,2009-02-19,2009-04-15,9,62.24,560.16
C10022,2009-02-19,2009-04-19,9,64.95,584.55
C10022,2009-02-19,2009-04-24,10,52.69,526.9
C10023,2009-09-11,2009-09-05,5,44.71,223.55
C10023,2009-09-11,2009-09-10,6,35.86,215.16
C10023,2009-09-11,2009-09-26,1,68.07,68.07
C10023,2009-09-11,2009-10-05,3,18.56,55.68
C10023,2009-09-11,2009-10-05,11,77.74,855.14
C10023,2009-09-11,2009-10-11,6,81.81,490.86
C10023,2009-09-11,2009-10-25,8,58.65,469.2
C10023,2009-09-11,2009-11-10,6,62.88,377.28
C10023,2009-09-11,2009-11-12,6,63.56,381.36
C10023,2009-09-11,2009-11-18,10,33.46,334.6
C10023,2009-09-11,2009-11-18,9,66.99,602.91
C10023,2009-09-11,2010-01-03,5,3.92,19.6
C10023,2009-09-11,2010-01-21,3,33.3,99.9
C10023,2009-09-11,2010-01-24,6,18.96,113.76
C10023,2009-09-11,2010-01-25,8,68.24,545.92
C10024,2009-08-02,2009-08-02,3,33.31,99.93
C10024,2009-08-02,2009-08-10,5,12.88,64.4
C10024,2009-08-02,2009-08-11,5,51.95,259.75
C10024,2009-08-02,2009-08-16,11,40.81,448.91
C10024,2009-08-02,2009-09-10,8,10.21,81.68
C10024,2009-08-02,2009-09-19,1,81.26,81.26
C10024,2009-08-02,2010-01-27,3,45.33,135.99
C10025,2009-06-25,2009-06-02,1,81.62,81.62
C10025,2009-06-25,2009-09-07,3,26.47,79.41
C10025,2009-06-25,2009-09-09,9,74.77,672.93
C10026,2009-04-20,2009-04-04,3,10.05,30.15
C10026,2009-04-20,2009-04-26,5,27.27,136.35
C10026,2009-04-20,2009-04-27,4,7.96,31.84
C10026,2009-04-20,2009-08-03,3,15.31,45.93
C10026,2009-04-20,2009-08-03,10,50.49,504.9
C10026,2009-04-20,2009-08-15,9,26.57,239.13
C10027,2009-08-13,2009-08-04,3,10.33,30.99
C10027,2009-08-13,2009-08-25,5,72.26,361.3
C10027,2009-08-13,2009-09-06,3,60.95,182.85
C10027,2009-08-13,2009-09-18,5,39.34,196.7
C10028,2009-05-29,2009-05-21,4,42.72,170.88
C10028,2009-05-29,2009-06-05,11,42.01,462.11
C10028,2009-05-29,2009-06-10,2,12.43,24.86
C10028,2009-05-29,2009-06-11,6,38.07,228.42
C10028,2009-05-29,2009-08-06,10,11.87,118.7
C10028,2009-05-29,2009-08-15,11,23.01,253.11
C10029,2009-05-02,2009-05-18,3,84.05,252.15
C10029,2009-05-02,2009-09-10,11,67.94,747.34
C10029,2009-05-02,2009-09-10,8,64.32,514.56
C10029,2009-05-02,2009-09-17,8,19.59,156.72
C10029,2009-05-02,2009-09-25,8,6.16,49.28
C10030,2009-05-03,2009-05-08,8,2.19,17.52
C10030,2009-05-03,2009-05-15,11,25.31,278.41
C10030,2009-05-03,2009-05-22,2,14.64,29.28
C10030,2009-05-03,2009-05-24,1,40.04,40.04
C10030,2009-05-03,2009-07-25,8,62.27,498.16
C10031,2009-03-04,2009-03-16,2,58.28,116.56
C10031,2009-03-04,2009-03-17,11,30.45,334.95
C10031,2009-03-04,2009-05-13,4,64.22,256.88
C10031,2009-03-04,2009-05-18,4,32.41,129.64
C10031,2009-03-04,2009-05-25,4,46.11,184.44
C10031,2009-03-04,2009-05-27,9,27.11,243.99
C10032,2009-01-26,2009-01-09,5,55.71,278.55
C10032,2009-01-26,2009-01-11,4,35.88,143.52
C10032,2009-01-26,2009-01-13,5,12.44,62.2
C10032,2009-01-26,2009-01-16,6,77.29,463.74
C10032,2009-01-26,2009-02-18,4,29.1,116.4
C10032,2009-01-26,2009-02-19,2,57.02,114.04
C10032,2009-01-26,2009-03-05,9,73.43,660.87
C10032,2009-01-26,2009-04-04,9,25.53,229.77
C10032,2009-01-26,2009-04-04,4,77.56,310.24
C10032,2009-01-26,2009-04-19,2,24.84,49.68
C10032,2009-01-26,2009-04-19,9,46.99,422.91
C10033,2009-06-01,2009-06-09,7,28.6,200.2
C10033,2009-06-01,2009-08-01,8,52.65,421.2
C10033,2009-06-01,2009-08-19,6,35.21,211.26
C10034,2009-08-31,2009-08-09,4,47.2,188.8
C10034,2009-08-31,2009-08-11,11,78.68,865.48
C10034,2009-08-31,2009-08-20,6,54.47,326.82
C10034,2009-08-31,2009-08-22,4,22.27,89.08
C10035,2009-01-18,2009-01-07,4,20.17,80.68
C10035,2009-01-18,2009-01-08,4,50.63,202.52
C10035,2009-01-18,2009-01-12,8,73.43,587.44
C10035,2009-01-18,2009-02-07,2,66.27,132.54
C10035,2009-01-18,2009-02-10,1,29.9,29.9
C10035,2009-01-18,2009-02-13,9,71.65,644.85
C10035,2009-01-18,2009-02-17,2,34.38,68.76
C10035,2009-01-18,2009-04-02,7,24.46,171.22
C10035,2009-01-18,2009-04-05,1,53.43,53.43
C10035,2009-01-18,2009-04-12,10,83.41,834.1
C10035,2009-01-18,2009-04-26,7,13.45,94.15
C10035,2009-01-18,2009-07-05,5,47.83,239.15
C10035,2009-01-18,2009-07-07,6,58.95,353.7
C10035,2009-01-18,2009-07-20,10,16.64,166.4
C10035,2009-01-18,2009-07-22,8,84.34,674.72
C10036,2009-08-23,2009-08-14,2,62.41,124.82
C10036,2009-08-23,2009-10-09,6,37.26,223.56
C10036,2009-08-23,2009-11-10,8,70.16,561.28
C10036,2009-08-23,2009-11-19,9,67.36,606.24
C10037,2009-08-14,2009-08-07,1,38.21,38.21
C10037,2009-08-14,2009-08-08,1,6.38,6.38
C10037,2009-08-14,2009-08-09,2,46.31,92.62
C10037,2009-08-14,2009-08-16,10,9.98,99.8
C10037,2009-08-14,2009-10-18,9,15.94,143.46
C10037,2009-08-14,2009-10-23,1,73.45,73.45
C10038,2009-03-17,2009-03-13,10,9.7,97.0
C10038,2009-03-17,2009-04-07,3,64.27,192.81
C10038,2009-03-17,2009-04-14,8,32.54,260.32
C10038,2009-03-17,2009-04-20,7,64.44,451.08
C10038,2009-03-17,2009-05-17,3,64.37,193.11
C10038,2009-03-17,2009-05-26,2,9.14,18.28
C10038,2009-03-17,2009-06-05,1,35.08,35.08
C10038,2009-03-17,2009-08-13,3,20.33,60.99
C10038,2009-03-17,2009-08-25,5,74.63,373.15
C10038,2009-03-17,2009-08-26,11,74.45,818.95
C10038,2009-03-17,2009-08-27,8,39.24,313.92
C10039,2009-06-22,2009-06-08,3,49.01,147.03
C10039,2009-06-22,2009-06-15,5,4.21,21.05
C10039,2009-06-22,2009-06-20,9,70.77,636.93
C10039,2009-06-22,2009-06-20,6,51.93,311.58
C10039,2009-06-22,2009-07-17,3,36.75,110.25
C10040,2009-02-15,2009-02-09,5,58.16,290.8
C10040,2009-02-15,2009-03-10,1,19.62,19.62
C10040,2009-02-15,2009-03-17,10,55.64,556.4
C10040,2009-02-15,2009-03-22,2,75.89,151.78
C10040,2009-02-15,2009-07-06,6,18.23,109.38
C10040,2009-02-15,2009-07-16,4,19.77,79.08
C10041,2009-07-26,2009-07-12,3,37.09,111.27
C10041,2009-07-26,2009-07-15,2,13.18,26.36
C10041,2009-07-26,2009-07-18,10,28.59,285.9
C10041,2009-07-26,2009-08-02,6,23.98,143.88
C10042,2009-07-11,2009-07-19,2,10.91,21.82
C10042,2009-07-11,2009-07-22,10,79.16,791.6
C10042,2009-07-11,2009-08-04,11,70.04,770.44
C10042,2009-07-11,2009-08-17,5,72.75,363.75
C10043,2009-04-07,2009-04-06,5,28.89,144.45
C10043,2009-04-07,2009-04-13,11,49.88,548.68
C10043,2009-04-07,2009-04-22,11,43.39,477.29
C10043,2009-04-07,2009-04-25,9,16.14,145.26
C10043,2009-04-07,2009-05-11,9,12.63,113.67
C10043,2009-04-07,2009-05-27,11,34.99,384.89
C10043,2009-04-07,2009-06-06,3,10.57,31.71
C10043,2009-04-07,2009-06-16,4,35.92,143.68
C10043,2009-04-07,2009-06-22,10,50.91,509.1
C10044,2009-01-19,2009-01-11,3,49.14,147.42
C10044,2009-01-19,2009-01-13,5,56.68,283.4
C10044,2009-01-19,2009-01-18,5,79.42,397.1
C10044,2009-01-19,2009-01-26,9,29.33,263.97
C10044,2009-01-19,2009-02-02,5,9.86,49.3
C10044,2009-01-19,2009-02-10,4,30.7,122.8
C10044,2009-01-19,2009-03-11,9,64.71,582.39
C10044,2009-01-19,2009-03-16,6,70.62,423.72
C10044,2009-01-19,2009-03-20,11,19.81,217.91
C10045,2009-09-23,2009-09-03,11,50.06,550.66
C10045,2009-09-23,2009-09-18,11,34.58,380.38
C10045,2009-09-23,2009-10-01,2,43.2,86.4
C10045,2009-09-23,2009-10-02,11,48.7,535.7
C10045,2009-09-23,2009-10-19,1,63.71,63.71
C10046,2009-05-02,2009-05-16,9,29.45,265.05
C10046,2009-05-02,2009-05-19,2,66.32,132.64
C10046,2009-05-02,2009-05-23,7,24.44,171.08
C10046,2009-05-02,2009-05-24,10,32.96,329.6
C10046,2009-05-02,2009-06-15,3,81.98,245.94
C10047,2009-09-01,2009-09-07,7,83.52,584.64
C10047,2009-09-01,2009-09-11,9,41.99,377.91
C10047,2009-09-01,2009-09-16,5,10.39,51.95
C10047,2009-09-01,2009-09-26,7,74.89,524.23
C10047,2009-09-01,2009-11-08,9,3.99,35.91
C10047,2009-09-01,2009-11-10,2,11.83,23.66
C10047,2009-09-01,2009-11-12,10,71.53,715.3
C10047,2009-09-01,2009-11-22,1,27.22,27.22
C10048,2009-07-05,2009-07-12,8,15.56,124.48
C10048,2009-07-05,2009-07-16,6,45.35,272.1
C10048,2009-07-05,2009-07-17,8,33.27,266.16
C10048,2009-07-05,2009-07-22,7,5.33,37.31
C10048,2009-07-05,2009-08-04,7,30.56,213.92
C10048,2009-07-05,2009-08-06,3,80.63,241.89
C10048,2009-07-05,2009-09-07,9,82.88,745.92
C10048,2009-07-05,2009-10-12,5,46.37,231.85
C10048,2009-07-05,2009-10-18,11,54.64,601.04
C10048,2009-07-05,2009-10-24,4,37.78,151.12
C10049,2009-08-01,2009-08-06,8,27.05,216.4
C10049,2009-08-01,2009-10-23,4,71.28,285.12
C10049,2009-08-01,2009-10-26,9,11.75,105.75
C10050,2009-07-27,2009-07-20,6,78.01,468.06
C10050,2009-07-27,2009-08-11,9,7.24,65.16
C10050,2009-07-27,2009-08-13,2,27.78,55.56
C10050,2009-07-27,2009-08-27,9,25.74,231.66
C10050,2009-07-27,2009-10-19,10,60.75,607.5
C10051,2009-02-23,2009-02-27,7,80.3,562.1
C10051,2009-02-23,2009-03-06,11,60.5,665.5
C10051,2009-02-23,2009-03-11,6,76.61,459.66
C10051,2009-02-23,2009-03-21,6,39.88,239.28
C10051,2009-02-23,2009-03-25,9,47.29,425.61
C10051,2009-02-23,2009-04-10,3,9.45,28.35
C10051,2009-02-23,2009-04-11,8,66.73,533.84
C10051,2009-02-23,2009-08-09,2,19.08,38.16
C10052,2009-04-10,2009-04-14,8,83.11,664.88
C10052,2009-04-10,2009-04-26,1,6.08,6.08
C10052,2009-04-10,2009-05-26,1,18.2,18.2
C10053,2009-05-08,2009-05-06,10,73.72,737.2
C10053,2009-05-08,2009-05-17,9,68.45,616.05
C10053,2009-05-08,2009-05-17,7,30.88,216.16
C10053,2009-05-08,2009-06-09,9,46.86,421.74
C10053,2009-05-08,2009-06-12,3,28.62,85.86
C10053,2009-05-08,2009-06-13,3,38.34,115.02
C10053,2009-05-08,2009-06-17,11,33.4,367.4
C10054,2009-05-16,2009-05-03,6,44.18,265.08
C10054,2009-05-16,2009-05-05,8,17.6,140.8
C10054,2009-05-16,2009-05-15,11,84.57,930.27
C10054,2009-05-16,2009-05-26,10,43.3,433.0
C10054,2009-05-16,2009-06-14,6,37.01,222.06
C10054,2009-05-16,2009-06-27,1,51.22,51.22
C10054,2009-05-16,2009-07-02,1,76.43,76.43
C10054,2009-05-16,2009-07-13,4,7.01,28.04
C10054,2009-05-16,2009-07-18,7,83.46,584.22
C10055,2009-01-12,2009-01-12,8,57.76,462.08
C10055,2009-01-12,2009-01-21,7,30.86,216.02
C10055,2009-01-12,2009-03-12,7,43.98,307.86
C10055,2009-01-12,2009-03-20,6,63.85,383.1
C10055,2009-01-12,2009-03-22,1,40.16,40.16
C10055,2009-01-12,2009-04-11,3,54.03,162.09
C10055,2009-01-12,2009-08-26,9,18.41,165.69
C10056,2009-05-30,2009-05-06,10,65.13,651.3
C10056,2009-05-30,2009-07-04,10,7.8,78.0
C10056,2009-05-30,2009-07-08,5,47.67,238.35
C10056,2009-05-30,2009-07-10,9,14.24,128.16
C10056,2009-05-30,2009-07-13,5,27.59,137.95
C10057,2009-02-12,2009-02-05,2,40.8,81.6
C10057,2009-02-12,2009-02-06,5,70.11,350.55
C10057,2009-02-12,2009-02-08,3,31.95,95.85
C10057,2009-02-12,2009-03-07,11,28.05,308.55
C10057,2009-02-12,2009-03-08,1,27.15,27.15
C10057,2009-02-12,2009-03-21,3,12.86,38.58
C10057,2009-02-12,2009-04-02,11,43.33,476.63
C10057,2009-02-12,2009-04-25,3,65.34,196.02
C10058,2009-07-22,2009-07-01,6,35.81,214.86
C10058,2009-07-22,2009-07-13,8,41.61,332.88
C10058,2009-07-22,2009-07-22,4,8.74,34.96
C10058,2009-07-22,2009-08-21,7,71.44,500.08
C10058,2009-07-22,2009-08-27,2,20.69,41.38
C10059,2009-07-06,2009-07-05,9,80.79,727.11
C10059,2009-07-06,2009-07-16,3,18.2,54.6
C10059,2009-07-06,2009-07-17,7,30.61,214.27
C10059,2009-07-06,2009-07-26,11,26.59,292.49
C10059,2009-07-06,2009-08-02,10,58.55,585.5
C10059,2009-07-06,2009-09-05,3,23.97,71.91
C10059,2009-07-06,2009-09-22,11,13.62,149.82
C10059,2009-07-06,2009-09-25,4,69.6,278.4
C10059,2009-07-06,2009-10-16,3,37.69,113.07
C10059,2009-07-06,2009-10-26,4,82.06,328.24
C10059,2009-07-06,2009-10-27,5,23.0,115.0
C10060,2009-09-09,2009-09-01,4,5.21,20.84
C10060,2009-09-09,2009-09-11,9,19.69,177.21
C10060,2009-09-09,2009-09-23,8,49.41,395.28
C10060,2009-09-09,2009-10-07,3,18.23,54.69
C10060,2009-09-09,2009-10-10,9,32.84,295.56
C10060,2009-09-09,2009-10-21,1,34.8,34.8
C10060,2009-09-09,2009-10-25,6,69.23,415.38
C10060,2009-09-09,2009-11-13,9,55.31,497.79
C10060,2009-09-09,2009-11-24,9,83.59,752.31
C10061,2009-07-23,2009-07-04,3,17.39,52.17
C10061,2009-07-23,2009-07-11,6,26.02,156.12
C10061,2009-07-23,2009-07-27,2,40.86,81.72
C10061,2009-07-23,2009-11-07,1,35.37,35.37
C10061,2009-07-23,2009-11-08,2,13.21,26.42
C10061,2009-07-23,2009-11-26,11,72.27,794.97
C10061,2009-07-23,2010-01-03,2,55.06,110.12
C10062,2009-04-11,2009-04-23,1,6.19,6.19
C10062,2009-04-11,2009-04-25,7,72.42,506.94
C10062,2009-04-11,2009-06-03,7,65.08,455.56
C10062,2009-04-11,2009-07-22,2,62.46,124.92
C10063,2009-09-22,2009-09-02,10,45.78,457.8
C10063,2009-09-22,2009-09-05,9,25.89,233.01
C10063,2009-09-22,2009-09-12,2,21.78,43.56
C10063,2009-09-22,2009-09-27,9,70.1,630.9
C10063,2009-09-22,2009-10-14,6,34.79,208.74
C10063,2009-09-22,2009-10-16,10,77.79,777.9
C10063,2009-09-22,2009-10-22,9,63.13,568.17
C10063,2009-09-22,2010-01-10,9,81.73,735.57
C10064,2009-04-23,2009-04-27,5,54.97,274.85
C10064,2009-04-23,2009-05-02,11,9.79,107.69
C10064,2009-04-23,2009-05-17,5,74.67,373.35
C10064,2009-04-23,2009-06-11,6,27.01,162.06
C10064,2009-04-23,2009-06-22,7,83.34,583.38
C10064,2009-04-23,2009-06-24,3,29.96,89.88
C10064,2009-04-23,2009-10-09,7,43.14,301.98
C10064,2009-04-23,2009-10-13,3,61.09,183.27
C10064,2009-04-23,2009-10-13,1,30.91,30.91
C10064,2009-04-23,2009-10-23,10,4.56,45.6
C10065,2009-03-30,2009-03-07,3,75.51,226.53
C10065,2009-03-30,2009-03-21,6,73.93,443.58
C10065,2009-03-30,2009-04-12,1,81.56,81.56
C10065,2009-03-30,2009-04-15,6,66.68,400.08
C10065,2009-03-30,2009-04-22,3,21.15,63.45
C10066,2009-09-05,2009-09-15,2,55.16,110.32
C10066,2009-09-05,2009-09-21,11,41.52,456.72
C10066,2009-09-05,2009-10-01,10,69.38,693.8
C10066,2009-09-05,2009-10-02,4,50.02,200.08
C10066,2009-09-05,2009-11-25,10,16.04,160.4
C10066,2009-09-05,2009-11-27,2,78.52,157.04
C10066,2009-09-05,2009-12-04,1,11.97,11.97
C10066,2009-09-05,2009-12-11,1,84.16,84.16
C10066,2009-09-05,2010-01-04,6,50.16,300.96
C10067,2009-04-12,2009-04-02,2,68.12,136.24
C10067,2009-04-12,2009-04-09,8,45.34,362.72
C10067,2009-04-12,2009-04-20,4,40.82,163.28
C10067,2009-04-12,2009-04-26,8,39.13,313.04
C10067,2009-04-12,2009-05-05,9,71.89,647.01
C10067,2009-04-12,2009-05-07,8,58.94,471.52
C10067,2009-04-12,2009-07-21,3,59.18,177.54
C10067,2009-04-12,2009-07-24,9,27.54,247.86
C10068,2009-01-21,2009-01-17,2,13.21,26.42
C10068,2009-01-21,2009-01-17,4,58.0,232.0
C10068,2009-01-21,2009-03-09,5,63.66,318.3
C10068,2009-01-21,2009-03-12,1,20.46,20.46
C10068,2009-01-21,2009-03-21,5,35.95,179.75
C10068,2009-01-21,2009-04-13,1,79.02,79.02
C10068,2009-01-21,2009-04-15,11,43.43,477.73
C10068,2009-01-21,2009-04-17,11,45.88,504.68
C10068,2009-01-21,2009-04-23,6,65.11,390.66
C10068,2009-01-21,2009-07-12,6,41.97,251.82
C10068,2009-01-21,2009-07-14,11,42.96,472.56
C10069,2009-05-09,2009-05-01,5,62.88,314.4
C10069,2009-05-09,2009-05-06,7,37.85,264.95
C10069,2009-05-09,2009-05-13,5,9.9,49.5
C10069,2009-05-09,2009-05-26,6,17.01,102.06
C10069,2009-05-09,2009-06-03,11,15.89,174.79
C10069,2009-05-09,2009-06-06,7,14.81,103.67
C10069,2009-05-09,2009-06-11,7,29.08,203.56
C10069,2009-05-09,2009-06-11,8,36.22,289.76
C10069,2009-05-09,2009-08-25,11,64.76,712.36
C10070,2009-08-06,2009-08-19,3,50.34,151.02
C10070,2009-08-06,2009-08-20,4,22.79,91.16
C10070,2009-08-06,2009-08-21,11,84.19,926.09
C10070,2009-08-06,2009-09-18,8,79.43,635.44
C10070,2009-08-06,2009-09-24,4,45.87,183.48
C10070,2009-08-06,2009-11-26,5,83.81,419.05
C10071,2009-02-21,2009-02-09,1,43.96,43.96
C10071,2009-02-21,2009-02-16,7,35.89,251.23
C10071,2009-02-21,2009-02-22,1,47.42,47.42
C10071,2009-02-21,2009-02-25,7,24.34,170.38
C10071,2009-02-21,2009-04-12,4,12.56,50.24
C10071,2009-02-21,2009-04-12,3,72.59,217.77
C10071,2009-02-21,2009-04-27,5,20.91,104.55
C10071,2009-02-21,2009-07-02,9,72.45,652.05
C10071,2009-02-21,2009-07-05,10,7.39,73.9
C10071,2009-02-21,2009-07-08,1,50.28,50.28
C10071,2009-02-21,2009-07-09,2,56.44,112.88
C10071,2009-02-21,2009-08-15,7,38.91,272.37
C10071,2009-02-21,2009-10-22,7,2.91,20.37
C10071,2009-02-21,2009-10-25,7,77.02,539.14
C10072,2009-05-07,2009-05-25,3,56.78,170.34
C10073,2009-02-05,2009-02-07,2,61.05,122.1
C10073,2009-02-05,2009-02-09,11,31.85,350.35
C10073,2009-02-05,2009-02-13,9,5.81,52.29
C10073,2009-02-05,2009-03-07,7,66.46,465.22
C10073,2009-02-05,2009-03-09,5,55.45,277.25
C10073,2009-02-05,2009-06-02,7,36.36,254.52
C10073,2009-02-05,2009-06-13,7,22.38,156.66
C10073,2009-02-05,2009-06-13,1,70.43,70.43
C10073,2009-02-05,2009-06-17,2,20.56,41.12
C10074,2009-07-07,2009-07-17,11,3.48,38.28
C10074,2009-07-07,2009-10-03,1,53.02,53.02
C10074,2009-07-07,2009-10-21,8,77.19,617.52
C10074,2009-07-07,2009-10-27,3,47.68,143.04
C10074,2009-07-07,2009-10-27,9,72.53,652.77
C10075,2009-05-10,2009-05-18,7,14.75,103.25
C10075,2009-05-10,2009-05-18,9,8.23,74.07
C10075,2009-05-10,2009-05-19,9,72.47,652.23
C10075,2009-05-10,2009-06-09,2,32.63,65.26
C10075,2009-05-10,2009-06-14,6,82.47,494.82
C10075,2009-05-10,2009-06-20,11,20.23,222.53
C10076,2009-04-01,2009-04-18,5,72.69,363.45
C10076,2009-04-01,2009-05-17,6,23.41,140.46
C10076,2009-04-01,2009-05-19,6,9.34,56.04
C10076,2009-04-01,2009-05-26,2,83.95,167.9
C10076,2009-04-01,2009-07-09,1,41.45,41.45
C10077,2009-03-03,2009-03-13,9,56.02,504.18
C10077,2009-03-03,2009-04-06,8,5.93,47.44
C10077,2009-03-03,2009-04-08,2,14.67,29.34
C10077,2009-03-03,2009-04-10,10,42.61,426.1
C10077,2009-03-03,2009-04-15,4,13.6,54.4
C10077,2009-03-03,2009-05-01,4,56.06,224.24
C10077,2009-03-03,2009-05-12,6,25.21,151.26
C10077,2009-03-03,2009-05-15,5,52.99,264.95
C10077,2009-03-03,2009-06-10,6,34.71,208.26
C10077,2009-03-03,2009-06-12,1,22.61,22.61
C10077,2009-03-03,2009-11-03,10,3.85,38.5
C10077,2009-03-03,2009-11-10,9,66.97,602.73
C10077,2009-03-03,2009-11-14,9,36.97,332.73
C10078,2009-06-04,2009-06-07,9,25.64,230.76
C10078,2009-06-04,2009-06-08,11,83.42,917.62
C10078,2009-06-04,2009-06-20,1,38.93,38.93
C10078,2009-06-04,2009-06-21,9,54.49,490.41
C10078,2009-06-04,2009-07-01,2,28.88,57.76
C10078,2009-06-04,2009-07-04,9,83.97,755.73
C10078,2009-06-04,2009-07-10,3,39.56,118.68
C10078,2009-06-04,2009-11-01,11,43.7,480.7
C10078,2009-06-04,2009-11-02,1,37.16,37.16
C10078,2009-06-04,2009-11-06,1,80.47,80.47
C10078,2009-06-04,2009-11-27,3,43.84,131.52
C10079,2009-07-02,2009-07-08,10,46.05,460.5
C10079,2009-07-02,2009-07-11,11,17.48,192.28
C10079,2009-07-02,2009-07-14,8,39.2,313.6
C10079,2009-07-02,2009-07-24,2,73.0,146.0
C10079,2009-07-02,2009-08-06,1,34.52,34.52
C10079,2009-07-02,2009-08-11,3,31.48,94.44
C10079,2009-07-02,2009-08-13,2,58.01,116.02
C10079,2009-07-02,2009-08-16,3,58.44,175.32
C10079,2009-07-02,2009-09-13,2,49.47,98.94
C10079,2009-07-02,2009-09-20,6,31.99,191.94
C10079,2009-07-02,2009-10-02,10,30.44,304.4
C10079,2009-07-02,2009-10-15,2,21.79,43.58
C10079,2009-07-02,2009-10-19,9,12.85,115.65
C10079,2009-07-02,2009-10-21,1,43.05,43.05
C10080,2009-09-14,2009-09-17,2,61.23,122.46
C10080,2009-09-14,2009-11-13,7,3.17,22.19
C10080,2009-09-14,2009-11-15,2,45.09,90.18
C10080,2009-09-14,2009-11-23,6,16.77,100.62
C10080,2009-09-14,2010-01-02,11,21.94,241.34
C10080,2009-09-14,2010-01-03,4,4.72,18.88
C10081,2009-04-30,2009-04-07,3,64.8,194.4
C10081,2009-04-30,2009-04-09,1,4.09,4.09
C10082,2009-02-13,2009-02-21,1,72.07,72.07
C10082,2009-02-13,2009-04-04,9,68.93,620.37
C10082,2009-02-13,2009-04-13,9,9.74,87.66
C10082,2009-02-13,2009-04-14,2,84.52,169.04
C10082,2009-02-13,2009-04-21,4,79.13,316.52
C10082,2009-02-13,2009-06-21,9,52.0,468.0
C10082,2009-02-13,2009-06-22,6,10.12,60.72
C10082,2009-02-13,2009-06-24,9,36.38,327.42
C10083,2009-08-16,2009-08-18,5,24.01,120.05
C10083,2009-08-16,2009-08-27,5,37.28,186.4
C10083,2009-08-16,2009-10-07,1,31.21,31.21
C10083,2009-08-16,2009-10-12,9,36.67,330.03
C10083,2009-08-16,2009-10-14,6,43.72,262.32
C10083,2009-08-16,2009-10-25,11,29.21,321.31
C10084,2009-06-21,2009-06-15,5,70.38,351.9
C10084,2009-06-21,2009-07-22,7,13.79,96.53
C10084,2009-06-21,2009-07-23,11,16.11,177.21
C10084,2009-06-21,2009-07-27,1,82.31,82.31
C10084,2009-06-21,2009-10-05,11,11.56,127.16
C10084,2009-06-21,2009-10-08,1,51.62,51.62
C10084,2009-06-21,2009-10-10,7,61.85,432.95
C10085,2009-07-11,2009-07-04,3,17.44,52.32
C10085,2009-07-11,2009-07-07,5,79.78,398.9
C10085,2009-07-11,2009-07-14,4,57.02,228.08
C10085,2009-07-11,2009-08-04,7,61.6,431.2
C10085,2009-07-11,2009-08-14,5,14.97,74.85
C10085,2009-07-11,2009-08-20,2,84.98,169.96
C10085,2009-07-11,2009-08-21,6,74.42,446.52
C10086,2009-01-27,2009-01-03,10,79.16,791.6
C10086,2009-01-27,2009-01-04,8,28.12,224.96
C10086,2009-01-27,2009-01-10,9,17.77,159.93
C10086,2009-01-27,2009-01-26,4,39.55,158.2
C10086,2009-01-27,2009-03-13,8,7.57,60.56
C10086,2009-01-27,2009-03-16,1,56.26,56.26
C10086,2009-01-27,2009-04-03,10,74.73,747.3
C10086,2009-01-27,2009-04-18,5,80.84,404.2
C10086,2009-01-27,2009-04-21,6,28.57,171.42
C10086,2009-01-27,2009-08-13,5,23.13,115.65
C10087,2009-03-27,2009-03-08,4,34.22,136.88
C10087,2009-03-27,2009-03-10,11,33.45,367.95
C10087,2009-03-27,2009-03-17,3,46.31,138.93
C10088,2009-07-29,2009-07-01,2,48.65,97.3
C10088,2009-07-29,2009-07-15,11,40.05,440.55
C10088,2009-07-29,2009-07-20,5,59.96,299.8
C10088,2009-07-29,2009-07-25,9,6.87,61.83
C10088,2009-07-29,2009-08-14,10,54.2,542.0
C10088,2009-07-29,2009-08-21,1,62.04,62.04
C10088,2009-07-29,2009-08-24,11,64.63,710.93
C10088,2009-07-29,2009-11-03,7,19.95,139.65
C10088,2009-07-29,2009-11-05,10,55.82,558.2
C10088,2009-07-29,2009-11-14,5,17.61,88.05
C10088,2009-07-29,2010-03-21,4,82.68,330.72
C10088,2009-07-29,2010-03-24,8,18.58,148.64
C10089,2009-08-16,2009-08-16,7,27.53,192.71
C10089,2009-08-16,2009-08-17,4,5.28,21.12
C10089,2009-08-16,2009-10-01,11,80.76,888.36
C10089,2009-08-16,2009-10-14,2,45.3,90.6
C10089,2009-08-16,2009-10-20,4,41.15,164.6
C10089,2009-08-16,2009-10-21,3,38.2,114.6
C10090,2009-04-29,2009-04-11,5,17.0,85.0
C10090,2009-04-29,2009-04-21,4,25.86,103.44
C10090,2009-04-29,2009-05-21,10,78.3,783.0
C10090,2009-04-29,2009-06-21,1,23.81,23.81
C10090,2009-04-29,2009-06-26,1,35.47,35.47
C10091,2009-08-08,2009-08-06,2,49.61,99.22
C10091,2009-08-08,2009-08-06,5,50.18,250.9
C10091,2009-08-08,2009-09-09,10,13.5,135.0
C10091,2009-08-08,2009-09-20,5,59.25,296.25
C10091,2009-08-08,2010-01-02,11,62.07,682.77
C10091,2009-08-08,2010-01-05,8,62.41,499.28
C10091,2009-08-08,2010-02-03,1,3.97,3.97
C10091,2009-08-08,2010-02-27,10,71.35,713.5
C10091,2009-08-08,2010-03-07,9,68.03,612.27
C10091,2009-08-08,2010-03-12,10,43.55,435.5
C10091,2009-08-08,2010-03-24,9,47.51,427.59
C10092,2009-08-18,2009-08-03,10,57.21,572.1
C10092,2009-08-18,2009-08-26,1,41.64,41.64
C10092,2009-08-18,2009-10-09,10,14.45,144.5
C10092,2009-08-18,2009-10-10,3,29.13,87.39
C10092,2009-08-18,2009-10-12,1,45.28,45.28
C10092,2009-08-18,2009-10-13,8,22.82,182.56
C10092,2009-08-18,2010-01-03,3,14.5,43.5
C10092,2009-08-18,2010-01-13,8,72.36,578.88
C10092,2009-08-18,2010-02-02,4,83.94,335.76
C10092,2009-08-18,2010-03-09,7,84.27,589.89
C10092,2009-08-18,2010-03-10,9,7.96,71.64
C10092,2009-08-18,2010-03-23,7,64.75,453.25
C10092,2009-08-18,2010-03-23,4,2.91,11.64
C10093,2009-04-16,2009-04-04,7,67.76,474.32
C10093,2009-04-16,2009-04-06,6,48.09,288.54
C10093,2009-04-16,2009-08-15,7,26.69,186.83
C10093,2009-04-16,2009-08-15,8,82.89,663.12
C10093,2009-04-16,2009-08-24,4,79.35,317.4
C10094,2009-09-03,2009-09-15,11,10.9,119.9
C10094,2009-09-03,2009-10-23,11,12.28,135.08
C10094,2009-09-03,2009-10-27,6,7.59,45.54
C10094,2009-09-03,2009-11-03,11,7.7,84.7
C10094,2009-09-03,2009-11-19,3,70.74,212.22
C10094,2009-09-03,2009-11-20,1,54.43,54.43
C10094,2009-09-03,2009-11-21,10,76.72,767.2
C10095,2009-03-20,2009-03-06,11,50.76,558.36
C10095,2009-03-20,2009-03-06,8,38.28,306.24
C10095,2009-03-20,2009-03-14,2,18.8,37.6
C10095,2009-03-20,2009-03-19,9,84.81,763.29
C10095,2009-03-20,2009-04-13,10,6.07,60.7
C10095,2009-03-20,2009-04-16,6,50.39,302.34
C10096,2009-03-07,2009-03-21,2,24.67,49.34
C10096,2009-03-07,2009-03-26,6,52.31,313.86
C10096,2009-03-07,2009-04-16,1,70.68,70.68
C10096,2009-03-07,2009-04-19,5,20.4,102.0
C10096,2009-03-07,2009-04-20,5,51.08,255.4
C10096,2009-03-07,2009-04-24,7,9.5,66.5
C10096,2009-03-07,2009-05-01,8,45.14,361.12
C10096,2009-03-07,2009-05-08,5,6.18,30.9
C10096,2009-03-07,2009-05-20,5,73.72,368.6
C10096,2009-03-07,2009-06-06,2,80.36,160.72
C10096,2009-03-07,2009-06-11,5,21.49,107.45
C10096,2009-03-07,2009-07-07,4,69.71,278.84
C10096,2009-03-07,2009-07-22,9,11.2,100.8
C10096,2009-03-07,2009-07-24,5,66.12,330.6
C10097,2009-07-06,2009-07-02,11,75.34,828.74
C10097,2009-07-06,2009-08-06,1,58.69,58.69
C10097,2009-07-06,2009-08-21,10,43.38,433.8
C10097,2009-07-06,2009-08-21,11,70.82,779.02
C10097,2009-07-06,2009-08-27,7,19.57,136.99
C10097,2009-07-06,2009-09-02,7,79.78,558.46
C10097,2009-07-06,2009-09-13,10,10.03,100.3
C10097,2009-07-06,2009-09-15,10,36.84,368.4
C10097,2009-07-06,2009-09-26,1,55.31,55.31
C10097,2009-07-06,2009-10-09,10,14.1,141.0
C10097,2009-07-06,2009-11-06,5,32.55,162.75
C10097,2009-07-06,2009-11-15,11,15.55,171.05
C10097,2009-07-06,2009-11-16,9,77.71,699.39
C10097,2009-07-06,2009-11-17,5,77.81,389.05
C10098,2009-06-23,2009-06-07,7,53.47,374.29
C10098,2009-06-23,2009-09-26,11,66.86,735.46
C10098,2009-06-23,2009-11-01,5,30.2,151.0
C10098,2009-06-23,2009-11-22,6,44.1,264.6
C10098,2009-06-23,2009-11-23,3,45.79,137.37
C10099,2009-02-08,2009-02-08,3,55.43,166.29
C10099,2009-02-08,2009-02-09,11,47.09,517.99
C10099,2009-02-08,2009-02-14,9,25.67,231.03
C10099,2009-02-08,2009-04-07,3,40.49,121.47
C10099,2009-02-08,2009-04-07,6,52.13,312.78
C10099,2009-02-08,2009-04-17,8,63.98,511.84
C10099,2009-02-08,2009-04-24,1,53.27,53.27
C10100,2009-08-16,2009-08-01,8,70.62,564.96
C10100,2009-08-16,2009-08-03,6,84.63,507.78
C10100,2009-08-16,2009-08-18,5,48.28,241.4
C10100,2009-08-16,2009-09-04,11,4.16,45.76
C10100,2009-08-16,2009-09-05,7,59.83,418.81
C10100,2009-08-16,2009-09-08,10,8.37,83.7
C10100,2009-08-16,2009-09-22,10,12.15,121.5
C10100,2009-08-16,2009-10-01,7,29.75,208.25
C10100,2009-08-16,2009-10-13,3,39.44,118.32
C10101,2009-02-24,2009-02-24,9,76.13,685.17
C10101,2009-02-24,2009-04-08,9,9.36,84.24
C10101,2009-02-24,2009-04-11,7,36.13,252.91
C10101,2009-02-24,2009-04-25,5,80.23,401.15
C10101,2009-02-24,2009-04-26,10,39.91,399.1
C10101,2009-02-24,2009-06-02,4,75.59,302.36
C10101,2009-02-24,2009-06-03,2,52.98,105.96
C10101,2009-02-24,2009-06-22,3,57.28,171.84
C10102,2009-08-08,2009-08-08,4,73.45,293.8
C10102,2009-08-08,2009-08-21,1,43.02,43.02
C10103,2009-01-03,2009-01-25,7,37.07,259.49
C10103,2009-01-03,2009-02-08,11,43.21,475.31
C10103,2009-01-03,2009-02-10,1,22.03,22.03
C10104,2009-08-06,2009-08-23,9,49.71,447.39
C10104,2009-08-06,2009-10-18,1,36.87,36.87
C10104,2009-08-06,2009-10-20,1,72.25,72.25
C10104,2009-08-06,2009-10-24,4,68.3,273.2
C10104,2009-08-06,2009-10-27,3,63.8,191.4
C10105,2009-08-03,2009-08-16,3,42.8,128.4
C10105,2009-08-03,2009-08-16,9,76.3,686.7
C10105,2009-08-03,2009-08-19,5,34.71,173.55
C10105,2009-08-03,2009-08-21,3,71.78,215.34
C10105,2009-08-03,2009-09-13,7,35.09,245.63
C10105,2009-08-03,2009-09-13,6,50.31,301.86
C10105,2009-08-03,2009-09-16,5,52.99,264.95
C10106,2009-08-02,2009-08-18,9,72.85,655.65
C10106,2009-08-02,2009-08-19,9,30.33,272.97
C10106,2009-08-02,2009-09-16,8,63.35,506.8
C10106,2009-08-02,2009-10-14,6,80.74,484.44
C10106,2009-08-02,2009-10-21,8,23.18,185.44
C10107,2009-07-01,2009-07-01,11,74.27,816.97
C10107,2009-07-01,2009-07-11,10,46.22,462.2
C10107,2009-07-01,2009-07-19,1,69.42,69.42
C10107,2009-07-01,2009-11-10,2,55.35,110.7
C10107,2009-07-01,2009-11-22,11,22.52,247.72
C10107,2009-07-01,2010-01-24,11,43.76,481.36
C10108,2009-05-09,2009-05-12,7,44.52,311.64
C10108,2009-05-09,2009-07-05,10,13.34,133.4
C10108,2009-05-09,2009-07-12,5,63.49,317.45
C10108,2009-05-09,2009-07-22,2,76.11,152.22
C10109,2009-07-12,2009-07-01,4,24.58,98.32
C10109,2009-07-12,2009-07-20,4,48.07,192.28
C10109,2009-07-12,2009-08-05,1,60.66,60.66
C10109,2009-07-12,2009-08-15,2,9.73,19.46
C10109,2009-07-12,2009-08-16,4,16.52,66.08
C10109,2009-07-12,2009-08-23,3,31.93,95.79
C10110,2009-03-17,2009-03-01,8,71.5,572.0
C10110,2009-03-17,2009-03-03,1,75.21,75.21
C10110,2009-03-17,2009-03-21,3,43.25,129.75
C10110,2009-03-17,2009-03-27,1,20.7,20.7
C10111,2009-08-02,2009-08-03,1,80.42,80.42
C10111,2009-08-02,2009-08-15,5,78.29,391.45
C10111,2009-08-02,2009-08-18,7,28.21,197.47
C10111,2009-08-02,2009-09-03,8,71.81,574.48
C10111,2009-08-02,2009-11-22,3,6.06,18.18
C10111,2009-08-02,2009-11-24,3,31.44,94.32
C10112,2009-06-01,2009-06-03,8,31.17,249.36
C10112,2009-06-01,2009-06-07,8,46.75,374.0
C10112,2009-06-01,2009-06-09,3,59.43,178.29
C10112,2009-06-01,2009-06-13,2,10.58,21.16
C10112,2009-06-01,2009-08-03,3,72.27,216.81
C10112,2009-06-01,2009-08-23,8,63.41,507.28
C10112,2009-06-01,2009-08-27,1,54.02,54.02
C10113,2009-05-06,2009-05-01,6,7.09,42.54
C10113,2009-05-06,2009-05-13,7,11.88,83.16
C10113,2009-05-06,2009-05-21,9,84.85,763.65
C10113,2009-05-06,2009-06-05,3,59.56,178.68
C10113,2009-05-06,2009-06-09,7,17.26,120.82
C10113,2009-05-06,2009-06-20,10,5.73,57.3
C10113,2009-05-06,2009-07-07,5,78.63,393.15
C10113,2009-05-06,2009-07-12,1,48.37,48.37
C10113,2009-05-06,2009-07-15,4,51.53,206.12
C10113,2009-05-06,2009-07-21,4,58.37,233.48
C10113,2009-05-06,2009-08-13,10,63.12,631.2
C10113,2009-05-06,2009-08-22,2,39.45,78.9
C10113,2009-05-06,2009-08-26,11,63.34,696.74
C10113,2009-05-06,2009-08-27,1,20.26,20.26
C10114,2009-05-19,2009-05-26,8,24.45,195.6
C10114,2009-05-19,2009-06-02,3,37.94,113.82
C10114,2009-05-19,2009-06-12,9,50.79,457.11
C10114,2009-05-19,2009-06-22,6,22.36,134.16
C10114,2009-05-19,2009-07-16,1,65.7,65.7
C10115,2009-06-05,2009-06-12,1,36.4,36.4
C10115,2009-06-05,2009-06-21,4,56.85,227.4
C10115,2009-06-05,2009-06-26,11,64.07,704.77
C10115,2009-06-05,2009-07-06,4,10.65,42.6
C10115,2009-06-05,2009-07-12,5,12.28,61.4
C10115,2009-06-05,2009-08-16,4,5.01,20.04
C10115,2009-06-05,2009-08-17,1,22.71,22.71
C10115,2009-06-05,2009-08-26,9,39.99,359.91
C10115,2009-06-05,2009-09-24,3,24.79,74.37
C10116,2009-01-11,2009-01-01,2,9.77,19.54
C10116,2009-01-11,2009-01-05,4,29.31,117.24
C10116,2009-01-11,2009-01-15,6,20.41,122.46
C10116,2009-01-11,2009-02-14,11,10.99,120.89
C10116,2009-01-11,2009-02-20,2,14.16,28.32
C10116,2009-01-11,2009-02-24,11,53.27,585.97
C10116,2009-01-11,2009-05-06,7,33.87,237.09
C10116,2009-01-11,2009-05-27,5,53.71,268.55
C10117,2009-02-08,2009-02-12,11,33.47,368.17
C10117,2009-02-08,2009-02-19,8,82.34,658.72
C10117,2009-02-08,2009-03-16,10,46.27,462.7
C10117,2009-02-08,2009-03-25,5,60.46,302.3
C10118,2009-03-09,2009-03-23,3,72.91,218.73
C10118,2009-03-09,2009-04-20,9,2.62,23.58
C10118,2009-03-09,2009-04-27,10,57.95,579.5
C10118,2009-03-09,2009-05-05,7,58.77,411.39
C10119,2009-02-01,2009-02-17,11,75.2,827.2
C10119,2009-02-01,2009-02-19,6,19.23,115.38
C10119,2009-02-01,2009-05-18,1,83.89,83.89
C10119,2009-02-01,2009-05-20,1,22.3,22.3
C10119,2009-02-01,2009-05-23,3,69.63,208.89
C10119,2009-02-01,2009-06-08,9,28.93,260.37
C10119,2009-02-01,2009-06-12,6,81.49,488.94
C10119,2009-02-01,2009-06-22,8,14.75,118.0
C10120,2009-05-01,2009-05-06,2,77.81,155.62
C10120,2009-05-01,2009-05-09,3,77.86,233.58
C10120,2009-05-01,2009-05-19,2,2.98,5.96
C10120,2009-05-01,2009-05-22,6,29.92,179.52
C10120,2009-05-01,2009-08-07,4,25.53,102.12
C10120,2009-05-01,2009-08-09,2,17.22,34.44
C10120,2009-05-01,2009-08-16,2,47.06,94.12
C10120,2009-05-01,2009-11-08,11,43.98,483.78
C10120,2009-05-01,2009-11-11,10,56.27,562.7
C10120,2009-05-01,2009-11-19,8,61.44,491.52
C10121,2009-07-02,2009-07-02,6,47.56,285.36
C10121,2009-07-02,2009-07-02,11,52.66,579.26
C10121,2009-07-02,2009-07-03,3,22.03,66.09
C10121,2009-07-02,2009-07-08,9,52.32,470.88
C10121,2009-07-02,2009-10-25,7,48.73,341.11
C10122,2009-06-28,2009-06-03,7,51.31,359.17
C10122,2009-06-28,2009-06-03,8,11.19,89.52
C10122,2009-06-28,2009-06-07,1,66.28,66.28
C10122,2009-06-28,2009-06-23,6,63.89,383.34
C10122,2009-06-28,2009-07-09,10,65.25,652.5
C10122,2009-06-28,2009-07-13,8,25.12,200.96
C10122,2009-06-28,2009-07-21,9,26.31,236.79
C10122,2009-06-28,2009-10-07,4,41.36,165.44
C10122,2009-06-28,2009-10-09,5,34.64,173.2
C10122,2009-06-28,2009-10-21,2,28.07,56.14
C10122,2009-06-28,2009-11-01,7,33.37,233.59
C10122,2009-06-28,2009-11-11,3,73.35,220.05
C10122,2009-06-28,2009-11-13,9,7.35,66.15
C10123,2009-05-09,2009-05-01,4,54.75,219.0
C10123,2009-05-09,2009-05-05,10,78.72,787.2
C10123,2009-05-09,2009-05-11,8,39.13,313.04
C10123,2009-05-09,2009-05-21,5,82.96,414.8
C10123,2009-05-09,2009-06-09,8,78.25,626.0
C10123,2009-05-09,2009-06-14,2,55.82,111.64
C10123,2009-05-09,2009-06-22,3,75.58,226.74
C10123,2009-05-09,2009-11-06,6,51.62,309.72
C10123,2009-05-09,2009-11-08,9,22.29,200.61
C10123,2009-05-09,2009-11-12,2,33.04,66.08
C10123,2009-05-09,2009-11-24,1,36.01,36.01
C10124,2009-08-22,2009-08-04,9,39.22,352.98
C10124,2009-08-22,2009-08-09,1,82.01,82.01
C10125,2009-06-04,2009-06-08,3,56.72,170.16
C10125,2009-06-04,2009-06-10,1,52.53,52.53
C10125,2009-06-04,2009-06-17,9,20.42,183.78
C10125,2009-06-04,2009-09-26,3,39.65,118.95
C10126,2009-01-22,2009-01-13,10,8.94,89.4
C10126,2009-01-22,2009-02-17,3,16.11,48.33
C10126,2009-01-22,2009-04-26,8,55.2,441.6
C10127,2009-07-28,2009-07-01,5,54.49,272.45
C10127,2009-07-28,2009-07-05,2,57.89,115.78
C10127,2009-07-28,2009-07-11,8,56.49,451.92
C10127,2009-07-28,2009-07-22,3,24.65,73.95
C10127,2009-07-28,2009-08-06,4,12.7,50.8
C10127,2009-07-28,2009-08-09,9,39.7,357.3
C10127,2009-07-28,2009-08-09,1,18.02,18.02
C10127,2009-07-28,2009-08-15,7,80.35,562.45
C10127,2009-07-28,2009-09-07,10,10.16,101.6
C10127,2009-07-28,2009-09-14,9,71.97,647.73
C10127,2009-07-28,2009-09-19,1,61.87,61.87
C10127,2009-07-28,2009-10-21,1,27.18,27.18
C10127,2009-07-28,2009-11-08,10,55.08,550.8
C10127,2009-07-28,2009-11-13,11,7.28,80.08
C10128,2009-06-06,2009-06-20,2,17.25,34.5
C10128,2009-06-06,2009-07-05,7,31.37,219.59
C10128,2009-06-06,2009-07-14,4,7.83,31.32
C10128,2009-06-06,2009-07-22,2,17.45,34.9
C10128,2009-06-06,2009-07-24,1,78.03,78.03
C10128,2009-06-06,2009-08-19,1,8.36,8.36
C10128,2009-06-06,2009-08-20,1,9.98,9.98
C10128,2009-06-06,2009-08-27,2,13.83,27.66
C10128,2009-06-06,2009-08-27,1,51.87,51.87
C10129,2009-06-23,2009-06-10,1,73.96,73.96
C10129,2009-06-23,2009-07-01,1,79.77,79.77
C10129,2009-06-23,2009-07-07,10,6.79,67.9
C10129,2009-06-23,2009-07-14,9,42.8,385.2
C10129,2009-06-23,2009-08-26,8,73.72,589.76
C10129,2009-06-23,2009-09-06,3,60.09,180.27
C10129,2009-06-23,2009-09-08,4,4.23,16.92
C10129,2009-06-23,2009-09-15,3,34.21,102.63
C10129,2009-06-23,2009-11-15,9,78.59,707.31
C10129,2009-06-23,2009-11-16,2,79.34,158.68
C10129,2009-06-23,2009-11-22,11,55.9,614.9
C10130,2009-06-04,2009-06-01,3,11.09,33.27
C10130,2009-06-04,2009-07-17,4,60.21,240.84
C10130,2009-06-04,2009-10-08,10,69.39,693.9
C10130,2009-06-04,2009-10-08,1,59.73,59.73
C10130,2009-06-04,2009-10-10,9,29.44,264.96
C10130,2009-06-04,2009-10-21,3,3.08,9.24
C10130,2009-06-04,2009-11-07,2,45.02,90.04
C10130,2009-06-04,2009-11-10,6,38.47,230.82
C10130,2009-06-04,2009-11-13,3,55.79,167.37
C10130,2009-06-04,2009-11-22,9,58.21,523.89
C10131,2009-06-01,2009-06-04,3,31.48,94.44
C10131,2009-06-01,2009-06-05,1,81.19,81.19
C10131,2009-06-01,2009-06-08,8,76.55,612.4
C10131,2009-06-01,2009-07-04,2,48.17,96.34
C10131,2009-06-01,2009-07-20,11,26.89,295.79
C10131,2009-06-01,2009-08-22,7,41.22,288.54
C10131,2009-06-01,2009-08-24,2,47.9,95.8
C10132,2009-01-25,2009-01-06,1,8.58,8.58
C10132,2009-01-25,2009-01-08,9,10.42,93.78
C10132,2009-01-25,2009-01-22,4,48.92,195.68
C10132,2009-01-25,2009-01-26,6,5.1,30.6
C10132,2009-01-25,2009-03-13,10,20.93,209.3
C10132,2009-01-25,2009-04-09,2,81.65,163.3
C10132,2009-01-25,2009-04-27,9,80.98,728.82
C10133,2009-06-02,2009-06-14,2,10.74,21.48
C10133,2009-06-02,2009-06-20,7,70.04,490.28
C10133,2009-06-02,2009-06-20,2,46.27,92.54
C10133,2009-06-02,2009-08-01,4,9.82,39.28
C10133,2009-06-02,2009-08-05,3,55.01,165.03
C10133,2009-06-02,2009-11-12,6,61.8,370.8
C10134,2009-08-06,2009-08-07,6,82.2,493.2
C10134,2009-08-06,2009-08-10,9,43.25,389.25
C10134,2009-08-06,2009-09-01,2,28.49,56.98
C10134,2009-08-06,2009-10-06,1,51.77,51.77
C10134,2009-08-06,2009-10-09,1,79.47,79.47
C10134,2009-08-06,2009-10-10,1,7.14,7.14
C10134,2009-08-06,2009-10-24,11,61.65,678.15
C10135,2009-03-24,2009-03-02,3,10.45,31.35
C10135,2009-03-24,2009-03-20,2,27.83,55.66
C10135,2009-03-24,2009-04-27,5,60.74,303.7
C10136,2009-06-14,2009-06-23,10,20.51,205.1
C10136,2009-06-14,2009-08-10,6,75.3,451.8
C10136,2009-06-14,2009-08-13,5,31.16,155.8
C10136,2009-06-14,2009-08-19,1,22.14,22.14
C10136,2009-06-14,2009-09-05,8,57.77,462.16
C10136,2009-06-14,2009-09-10,5,10.59,52.95
C10136,2009-06-14,2009-09-14,10,50.94,509.4
C10136,2009-06-14,2009-09-15,3,70.21,210.63
C10137,2009-01-09,2009-01-01,4,43.13,172.52
C10137,2009-01-09,2009-01-09,4,48.53,194.12
C10137,2009-01-09,2009-01-15,2,5.21,10.42
C10137,2009-01-09,2009-01-26,6,58.27,349.62
C10137,2009-01-09,2009-03-10,4,51.5,206.0
C10138,2009-04-05,2009-04-09,8,13.21,105.68
C10138,2009-04-05,2009-04-11,5,76.09,380.45
C10138,2009-04-05,2009-04-19,4,59.61,238.44
C10138,2009-04-05,2009-05-05,8,2.84,22.72
C10138,2009-04-05,2009-05-12,8,39.76,318.08
C10138,2009-04-05,2009-05-24,1,44.1,44.1
C10138,2009-04-05,2009-05-25,4,25.8,103.2
C10139,2009-04-30,2009-04-04,3,13.48,40.44
C10139,2009-04-30,2009-04-11,8,82.85,662.8
C10139,2009-04-30,2009-04-16,8,47.57,380.56
C10139,2009-04-30,2009-04-26,11,38.46,423.06
C10139,2009-04-30,2009-05-20,10,8.21,82.1
C10139,2009-04-30,2009-06-02,10,69.44,694.4
C10139,2009-04-30,2009-06-03,8,55.78,446.24
C10139,2009-04-30,2009-06-12,6,77.3,463.8
C10139,2009-04-30,2009-06-23,1,71.26,71.26
C10140,2009-09-26,2009-09-02,7,53.46,374.22
C10140,2009-09-26,2009-09-03,11,44.43,488.73
C10140,2009-09-26,2009-09-04,6,26.86,161.16
C10140,2009-09-26,2009-09-14,8,56.68,453.44
C10140,2009-09-26,2009-11-02,10,73.44,734.4
C10140,2009-09-26,2009-12-11,4,9.17,36.68
C10140,2009-09-26,2009-12-18,2,14.8,29.6
C10141,2009-02-28,2009-02-05,7,83.72,586.04
C10141,2009-02-28,2009-02-12,10,48.69,486.9
C10141,2009-02-28,2009-02-13,3,8.3,24.9
C10141,2009-02-28,2009-03-06,10,74.95,749.5
C10141,2009-02-28,2009-03-09,5,2.59,12.95
C10141,2009-02-28,2009-03-09,7,23.91,167.37
C10141,2009-02-28,2009-03-17,9,5.36,48.24
C10141,2009-02-28,2009-04-01,8,64.79,518.32
C10141,2009-02-28,2009-04-08,4,70.2,280.8
C10141,2009-02-28,2009-07-01,2,66.93,133.86
C10141,2009-02-28,2009-10-03,9,39.45,355.05
C10141,2009-02-28,2009-10-03,9,53.44,480.96
C10141,2009-02-28,2009-10-11,4,64.36,257.44
C10141,2009-02-28,2009-10-13,9,2.56,23.04
C10142,2009-03-17,2009-03-09,9,38.45,346.05
C10142,2009-03-17,2009-03-27,6,47.84,287.04
C10142,2009-03-17,2009-04-11,7,37.88,265.16
C10142,2009-03-17,2009-04-22,10,77.45,774.5
C10143,2009-04-22,2009-04-23,10,60.1,601.0
C10143,2009-04-22,2009-08-15,7,12.72,89.04
C10143,2009-04-22,2009-08-17,6,50.83,304.98
C10143,2009-04-22,2009-08-27,1,73.04,73.04
C10144,2009-09-28,2009-09-11,5,36.36,181.8
C10144,2009-09-28,2009-09-24,11,2.05,22.55
C10145,2009-08-21,2009-08-07,11,78.27,860.97
C10145,2009-08-21,2009-08-17,8,84.0,672.0
C10145,2009-08-21,2009-08-25,9,52.58,473.22
C10145,2009-08-21,2009-09-15,9,45.23,407.07
C10145,2009-08-21,2009-11-17,5,44.0,220.0
C10145,2009-08-21,2009-11-26,2,71.52,143.04
C10145,2009-08-21,2009-11-27,5,11.01,55.05
C10145,2009-08-21,2009-11-27,6,6.04,36.24
C10145,2009-08-21,2009-12-13,1,60.53,60.53
C10146,2009-01-10,2009-01-20,6,75.53,453.18
C10146,2009-01-10,2009-02-09,8,41.85,334.8
C10146,2009-01-10,2009-04-07,10,73.69,736.9
C10146,2009-01-10,2009-04-18,7,30.56,213.92
C10147,2009-03-05,2009-03-14,6,43.83,262.98
C10147,2009-03-05,2009-03-20,1,17.31,17.31
C10148,2009-08-13,2009-08-12,3,63.86,191.58
C10148,2009-08-13,2009-08-17,5,70.07,350.35
C10148,2009-08-13,2009-08-25,5,28.75,143.75
C10148,2009-08-13,2009-08-27,2,27.49,54.98
C10148,2009-08-13,2009-09-21,7,35.34,247.38
C10149,2009-01-16,2009-01-07,9,9.2,82.8
C10149,2009-01-16,2009-01-08,1,84.81,84.81
C10149,2009-01-16,2009-01-13,9,29.23,263.07
C10149,2009-01-16,2009-01-16,10,75.28,752.8
C10149,2009-01-16,2009-03-04,11,79.65,876.15
C10149,2009-01-16,2009-03-06,9,13.89,125.01
C10149,2009-01-16,2009-03-08,3,43.6,130.8
C10149,2009-01-16,2009-04-17,3,20.74,62.22
C10150,2009-08-22,2009-08-17,1,52.01,52.01
C10150,2009-08-22,2009-08-19,4,28.61,114.44
C10150,2009-08-22,2009-08-25,7,32.34,226.38
C10150,2009-08-22,2009-11-20,5,71.35,356.75
C10151,2009-03-18,2009-03-06,9,51.71,465.39
C10151,2009-03-18,2009-03-19,2,10.83,21.66
C10151,2009-03-18,2009-03-24,3,55.35,166.05
C10151,2009-03-18,2009-03-27,9,50.89,458.01
C10151,2009-03-18,2009-04-08,9,46.35,417.15
C10151,2009-03-18,2009-04-16,10,19.98,199.8
C10151,2009-03-18,2009-05-01,2,16.65,33.3
C10151,2009-03-18,2009-05-02,4,34.31,137.24
C10151,2009-03-18,2009-05-23,5,64.74,323.7
C10151,2009-03-18,2009-06-12,10,26.68,266.8
C10151,2009-03-18,2009-06-26,3,27.67,83.01
C10151,2009-03-18,2009-07-02,11,75.87,834.57
C10151,2009-03-18,2009-07-03,10,75.0,750.0
C10151,2009-03-18,2009-07-09,10,15.16,151.6
C10151,2009-03-18,2009-07-12,6,19.65,117.9
C10152,2009-09-08,2009-09-03,7,31.87,223.09
C10152,2009-09-08,2009-09-07,5,19.53,97.65
C10152,2009-09-08,2009-09-10,2,33.54,67.08
C10152,2009-09-08,2009-09-23,7,26.59,186.13
C10152,2009-09-08,2009-10-02,1,37.33,37.33
C10152,2009-09-08,2009-10-16,10,63.24,632.4
C10152,2009-09-08,2009-10-22,9,28.73,258.57
C10152,2009-09-08,2009-10-24,11,25.09,275.99
C10152,2009-09-08,2009-12-21,2,30.89,61.78
C10153,2009-03-22,2009-03-02,7,47.03,329.21
C10153,2009-03-22,2009-03-11,8,51.82,414.56
C10153,2009-03-22,2009-05-08,4,5.93,23.72
C10153,2009-03-22,2009-06-12,9,22.26,200.34
C10153,2009-03-22,2009-09-03,2,29.5,59.0
C10153,2009-03-22,2009-09-05,9,84.36,759.24
C10153,2009-03-22,2009-09-07,8,38.44,307.52
C10153,2009-03-22,2009-09-24,9,74.01,666.09
C10154,2009-04-29,2009-04-13,7,72.64,508.48
C10154,2009-04-29,2009-04-22,7,54.98,384.86
C10154,2009-04-29,2009-04-23,5,79.58,397.9
C10154,2009-04-29,2009-04-24,10,62.61,626.1
C10154,2009-04-29,2009-05-16,8,64.82,518.56
C10154,2009-04-29,2009-05-20,10,68.35,683.5
C10154,2009-04-29,2009-05-24,11,22.66,249.26
C10154,2009-04-29,2009-10-07,11,38.62,424.82
C10154,2009-04-29,2009-10-22,8,17.68,141.44
C10154,2009-04-29,2009-10-27,3,62.15,186.45
C10155,2009-06-30,2009-06-01,1,61.51,61.51
C10155,2009-06-30,2009-07-03,9,64.36,579.24
C10155,2009-06-30,2009-07-09,10,44.46,444.6
C10155,2009-06-30,2009-07-13,7,30.54,213.78
C10155,2009-06-30,2009-07-24,9,18.62,167.58
C10155,2009-06-30,2009-08-07,2,84.02,168.04
C10155,2009-06-30,2009-08-08,4,79.01,316.04
C10155,2009-06-30,2009-09-03,4,6.85,27.4
C10155,2009-06-30,2009-09-07,5,44.54,222.7
C10156,2009-02-04,2009-02-11,8,69.88,559.04
C10156,2009-02-04,2009-02-13,9,42.78,385.02
C10156,2009-02-04,2009-02-14,8,8.5,68.0
C10156,2009-02-04,2009-02-18,11,81.78,899.58
C10156,2009-02-04,2009-05-23,4,20.77,83.08
C10156,2009-02-04,2009-05-26,4,79.01,316.04
C10156,2009-02-04,2009-07-01,3,28.96,86.88
C10156,2009-02-04,2009-07-01,1,14.74,14.74
C10156,2009-02-04,2009-07-26,4,59.95,239.8
C10157,2009-06-02,2009-06-08,4,27.93,111.72
C10157,2009-06-02,2009-06-18,6,36.47,218.82
C10157,2009-06-02,2009-06-22,1,3.29,3.29
C10157,2009-06-02,2009-07-08,1,15.07,15.07
C10158,2009-05-18,2009-05-02,4,37.51,150.04
C10158,2009-05-18,2009-05-08,9,65.79,592.11
C10158,2009-05-18,2009-05-11,1,58.92,58.92
C10158,2009-05-18,2009-05-16,3,37.76,113.28
C10158,2009-05-18,2009-08-08,3,29.21,87.63
C10158,2009-05-18,2009-08-15,8,47.23,377.84
C10158,2009-05-18,2009-08-17,6,53.54,321.24
C10158,2009-05-18,2009-08-22,11,53.82,592.02
C10159,2009-08-03,2009-08-08,8,5.32,42.56
C10159,2009-08-03,2009-08-13,4,38.51,154.04
C10159,2009-08-03,2009-08-19,9,25.49,229.41
C10160,2009-09-29,2009-09-11,9,60.55,544.95
C10160,2009-09-29,2009-09-14,3,25.51,76.53
C10160,2009-09-29,2009-09-15,5,25.05,125.25
C10160,2009-09-29,2009-09-26,5,34.45,172.25
C10160,2009-09-29,2009-11-12,5,41.01,205.05
C10160,2009-09-29,2009-11-22,2,60.62,121.24
C10160,2009-09-29,2009-12-24,8,30.53,244.24
C10161,2009-07-01,2009-07-07,2,40.76,81.52
C10161,2009-07-01,2009-08-18,5,2.16,10.8
C10161,2009-07-01,2009-08-23,3,11.26,33.78
C10161,2009-07-01,2009-08-23,2,84.92,169.84
C10161,2009-07-01,2009-10-12,4,77.91,311.64
C10161,2009-07-01,2009-10-20,6,40.48,242.88
C10161,2009-07-01,2009-10-20,4,5.26,21.04
C10161,2009-07-01,2009-10-27,7,72.5,507.5
C10162,2009-04-22,2009-04-02,5,13.08,65.4
C10162,2009-04-22,2009-04-20,6,78.74,472.44
C10162,2009-04-22,2009-04-23,8,44.82,358.56
C10162,2009-04-22,2009-04-26,7,27.82,194.74
C10162,2009-04-22,2009-05-04,9,60.5,544.5
C10162,2009-04-22,2009-05-22,3,33.07,99.21
C10163,2009-04-21,2009-04-05,6,41.39,248.34
C10163,2009-04-21,2009-04-15,7,70.05,490.35
C10163,2009-04-21,2009-04-22,10,34.07,340.7
C10163,2009-04-21,2009-05-09,5,47.22,236.1
C10163,2009-04-21,2009-08-08,11,19.21,211.31
C10163,2009-04-21,2009-08-09,7,46.54,325.78
C10163,2009-04-21,2009-08-24,10,30.72,307.2
C10163,2009-04-21,2009-10-25,8,50.65,405.2
C10163,2009-04-21,2009-12-11,6,9.74,58.44
C10163,2009-04-21,2009-12-13,4,55.88,223.52
C10163,2009-04-21,2009-12-17,6,23.87,143.22
C10164,2009-04-25,2009-04-05,4,9.56,38.24
C10164,2009-04-25,2009-04-06,10,52.49,524.9
C10164,2009-04-25,2009-04-06,10,75.18,751.8
C10164,2009-04-25,2009-04-06,10,26.51,265.1
C10164,2009-04-25,2009-05-02,7,84.09,588.63
C10164,2009-04-25,2009-05-04,11,10.8,118.8
C10164,2009-04-25,2009-05-10,11,80.38,884.18
C10164,2009-04-25,2009-05-21,8,7.72,61.76
C10164,2009-04-25,2009-06-04,11,30.62,336.82
C10164,2009-04-25,2009-06-09,6,59.67,358.02
C10165,2009-08-11,2009-08-06,5,13.9,69.5
C10165,2009-08-11,2009-08-12,6,15.13,90.78
C10165,2009-08-11,2009-10-04,11,9.25,101.75
C10165,2009-08-11,2009-10-06,7,6.55,45.85
C10165,2009-08-11,2009-10-06,8,42.96,343.68
C10165,2009-08-11,2009-10-15,8,8.34,66.72
C10166,2009-03-29,2009-03-01,5,7.96,39.8
C10166,2009-03-29,2009-03-02,7,21.44,150.08
C10166,2009-03-29,2009-03-12,3,40.74,122.22
C10166,2009-03-29,2009-08-03,8,16.97,135.76
C10166,2009-03-29,2009-08-07,8,39.61,316.88
C10166,2009-03-29,2009-08-09,1,3.17,3.17
C10166,2009-03-29,2009-08-10,8,31.64,253.12
C10167,2009-02-15,2009-02-12,3,46.69,140.07
C10167,2009-02-15,2009-02-16,3,43.11,129.33
C10167,2009-02-15,2009-02-22,2,15.41,30.82
C10167,2009-02-15,2009-04-05,3,5.57,16.71
C10167,2009-02-15,2009-04-07,11,61.87,680.57
C10167,2009-02-15,2009-04-16,8,39.58,316.64
C10167,2009-02-15,2009-04-26,5,47.51,237.55
C10167,2009-02-15,2009-05-27,3,28.13,84.39
C10168,2009-04-02,2009-04-14,9,47.33,425.97
C10168,2009-04-02,2009-04-18,9,34.6,311.4
C10168,2009-04-02,2009-04-25,5,31.47,157.35
C10168,2009-04-02,2009-05-23,10,33.44,334.4
C10168,2009-04-02,2009-09-07,4,61.55,246.2
C10168,2009-04-02,2009-09-13,8,24.0,192.0
C10168,2009-04-02,2009-09-25,9,23.56,212.04
C10169,2009-01-07,2009-01-05,8,47.41,379.28
C10169,2009-01-07,2009-01-14,5,70.74,353.7
C10169,2009-01-07,2009-03-11,6,60.4,362.4
C10169,2009-01-07,2009-03-26,2,68.41,136.82
C10169,2009-01-07,2009-04-04,9,25.35,228.15
C10169,2009-01-07,2009-04-13,7,11.86,83.02
C10169,2009-01-07,2009-04-20,8,77.54,620.32
C10169,2009-01-07,2009-04-24,2,34.61,69.22
C10169,2009-01-07,2009-08-05,2,24.76,49.52
C10169,2009-01-07,2009-08-10,4,27.7,110.8
C10169,2009-01-07,2009-08-11,5,49.64,248.2
C10169,2009-01-07,2009-08-18,1,39.41,39.41
C10170,2009-01-29,2009-01-01,7,8.08,56.56
C10170,2009-01-29,2009-01-19,2,10.38,20.76
C10170,2009-01-29,2009-01-21,9,71.38,642.42
C10170,2009-01-29,2009-02-06,3,51.06,153.18
C10171,2009-01-25,2009-01-09,10,9.93,99.3
C10171,2009-01-25,2009-01-12,7,27.38,191.66
C10172,2009-07-30,2009-07-14,4,24.23,96.92
C10172,2009-07-30,2009-07-16,11,42.13,463.43
C10172,2009-07-30,2009-07-21,10,73.81,738.1
C10172,2009-07-30,2010-01-02,6,41.78,250.68
C10172,2009-07-30,2010-01-16,9,77.42,696.78
C10173,2009-07-17,2009-07-12,2,44.27,88.54
C10173,2009-07-17,2009-08-04,6,73.05,438.3
C10173,2009-07-17,2009-08-18,5,45.9,229.5
C10173,2009-07-17,2009-08-21,8,68.04,544.32
C10173,2009-07-17,2009-09-11,6,23.18,139.08
C10173,2009-07-17,2009-10-03,8,38.11,304.88
C10173,2009-07-17,2009-10-03,5,22.75,113.75
C10174,2009-07-10,2009-07-01,5,7.9,39.5
C10174,2009-07-10,2009-08-01,3,3.61,10.83
C10174,2009-07-10,2009-08-07,3,45.47,136.41
C10174,2009-07-10,2009-08-09,5,55.02,275.1
C10174,2009-07-10,2009-08-18,4,73.38,293.52
C10174,2009-07-10,2009-09-13,3,84.64,253.92
C10174,2009-07-10,2009-09-15,8,81.85,654.8
C10174,2009-07-10,2009-10-10,7,83.83,586.81
C10174,2009-07-10,2009-10-20,9,48.11,432.99
C10174,2009-07-10,2009-10-26,8,76.6,612.8
C10174,2009-07-10,2009-12-04,11,8.7,95.7
C10174,2009-07-10,2009-12-14,11,10.64,117.04
C10174,2009-07-10,2009-12-19,4,78.26,313.04
C10174,2009-07-10,2009-12-22,11,7.78,85.58
C10175,2009-05-07,2009-05-17,10,25.22,252.2
C10175,2009-05-07,2009-05-27,6,11.75,70.5
C10175,2009-05-07,2009-07-03,8,68.92,551.36
C10175,2009-05-07,2009-07-03,1,64.34,64.34
C10175,2009-05-07,2009-07-06,10,53.0,530.0
C10175,2009-05-07,2009-07-21,3,7.11,21.33
C10175,2009-05-07,2009-09-21,8,31.61,252.88
C10176,2009-07-15,2009-07-02,3,17.08,51.24
C10176,2009-07-15,2009-07-06,4,83.0,332.0
C10176,2009-07-15,2009-07-16,1,58.36,58.36
C10176,2009-07-15,2009-08-20,7,16.65,116.55
C10176,2009-07-15,2009-08-21,4,14.68,58.72
C10176,2009-07-15,2009-08-23,3,74.44,223.32
C10176,2009-07-15,2009-10-01,5,7.57,37.85
C10176,2009-07-15,2009-10-21,7,33.9,237.3
C10176,2009-07-15,2009-10-27,8,62.78,502.24
C10177,2009-02-14,2009-02-13,6,56.39,338.34
C10177,2009-02-14,2009-10-05,6,72.23,433.38
C10177,2009-02-14,2009-10-06,7,30.24,211.68
C10177,2009-02-14,2009-10-15,8,4.53,36.24
C10177,2009-02-14,2009-10-22,4,17.5,70.0
C10178,2009-09-03,2009-09-14,11,25.16,276.76
C10178,2009-09-03,2009-12-12,7,64.83,453.81
C10178,2009-09-03,2009-12-19,4,69.69,278.76
C10178,2009-09-03,2009-12-23,11,44.48,489.28
C10179,2009-05-17,2009-05-16,8,2.61,20.88
C10179,2009-05-17,2009-05-19,10,19.56,195.6
C10179,2009-05-17,2009-05-24,1,35.59,35.59
C10179,2009-05-17,2009-05-26,10,26.0,260.0
C10179,2009-05-17,2009-06-17,9,76.42,687.78
C10179,2009-05-17,2009-07-25,11,19.96,219.56
C10179,2009-05-17,2009-10-02,3,50.96,152.88
C10179,2009-05-17,2009-10-03,6,35.45,212.7
C10180,2009-09-14,2009-09-06,2,47.94,95.88
C10180,2009-09-14,2009-09-07,8,84.78,678.24
C10180,2009-09-14,2009-09-09,8,41.16,329.28
C10180,2009-09-14,2009-09-09,4,3.01,12.04
C10180,2009-09-14,2009-10-17,10,23.46,234.6
C10180,2009-09-14,2009-10-22,9,2.25,20.25
C10180,2009-09-14,2009-10-23,5,79.58,397.9
C10180,2009-09-14,2009-10-26,1,45.19,45.19
C10181,2009-02-11,2009-02-02,7,6.89,48.23
C10181,2009-02-11,2009-02-09,1,63.54,63.54
C10181,2009-02-11,2009-02-23,3,47.73,143.19
C10181,2009-02-11,2009-05-02,1,7.84,7.84
C10181,2009-02-11,2009-05-23,3,4.07,12.21
C10181,2009-02-11,2009-05-26,4,41.35,165.4
C10182,2009-05-16,2009-05-01,2,49.19,98.38
C10182,2009-05-16,2009-06-20,4,65.58,262.32
C10182,2009-05-16,2009-06-24,5,17.18,85.9
C10182,2009-05-16,2009-06-26,5,45.13,225.65
C10182,2009-05-16,2009-07-14,10,59.4,594.0
C10182,2009-05-16,2009-07-19,8,6.31,50.48
C10182,2009-05-16,2009-07-19,6,63.56,381.36
C10182,2009-05-16,2009-07-24,11,28.05,308.55
C10182,2009-05-16,2009-08-13,5,37.85,189.25
C10182,2009-05-16,2009-08-15,11,83.24,915.64
C10182,2009-05-16,2009-08-18,11,11.8,129.8
C10182,2009-05-16,2009-08-21,5,50.87,254.35
C10183,2009-07-10,2009-07-24,2,44.5,89.0
C10183,2009-07-10,2009-08-01,9,20.68,186.12
C10183,2009-07-10,2009-08-05,9,76.39,687.51
C10183,2009-07-10,2009-08-06,3,45.33,135.99
C10183,2009-07-10,2009-08-16,3,62.06,186.18
C10184,2009-05-16,2009-05-04,7,18.68,130.76
C10184,2009-05-16,2009-05-14,2,61.77,123.54
C10185,2009-05-02,2009-05-05,5,15.03,75.15
C10185,2009-05-02,2009-05-21,10,68.23,682.3
C10185,2009-05-02,2009-05-22,9,3.61,32.49
C10185,2009-05-02,2009-06-11,10,15.56,155.6
C10185,2009-05-02,2009-06-15,11,33.18,364.98
C10185,2009-05-02,2009-06-21,6,51.43,308.58
C10185,2009-05-02,2009-07-02,8,14.5,116.0
C10185,2009-05-02,2009-07-07,11,3.16,34.76
C10185,2009-05-02,2009-07-21,7,66.34,464.38
C10185,2009-05-02,2009-08-07,3,51.15,153.45
C10185,2009-05-02,2009-08-18,2,52.93,105.86
C10185,2009-05-02,2009-08-19,6,27.31,163.86
C10185,2009-05-02,2009-10-04,2,4.48,8.96
C10185,2009-05-02,2009-10-07,11,76.86,845.46
C10185,2009-05-02,2009-10-09,9,32.88,295.92
C10186,2009-02-15,2009-02-01,7,70.79,495.53
C10186,2009-02-15,2009-02-08,4,74.87,299.48
C10186,2009-02-15,2009-02-10,4,5.39,21.56
C10186,2009-02-15,2009-02-11,3,26.6,79.8
C10186,2009-02-15,2009-04-11,4,3.68,14.72
C10186,2009-02-15,2009-04-13,8,42.62,340.96
C10186,2009-02-15,2009-04-15,2,82.81,165.62
C10186,2009-02-15,2009-04-23,7,56.82,397.74
C10186,2009-02-15,2009-07-18,5,29.16,145.8
C10186,2009-02-15,2009-07-19,7,5.73,40.11
C10186,2009-02-15,2009-07-20,10,36.94,369.4
C10187,2009-04-15,2009-04-05,7,56.66,396.62
C10187,2009-04-15,2009-04-05,11,21.54,236.94
C10187,2009-04-15,2009-04-25,1,5.36,5.36
C10187,2009-04-15,2009-04-27,2,25.13,50.26
C10187,2009-04-15,2009-05-04,8,46.51,372.08
C10187,2009-04-15,2009-05-12,11,40.11,441.21
C10187,2009-04-15,2009-05-25,3,70.77,212.31
C10188,2009-03-07,2009-03-08,2,25.94,51.88
C10188,2009-03-07,2009-03-24,7,66.39,464.73
C10188,2009-03-07,2009-04-27,6,72.59,435.54
C10188,2009-03-07,2009-06-08,1,41.75,41.75
C10189,2009-03-24,2009-03-03,9,3.56,32.04
C10189,2009-03-24,2009-03-19,6,53.3,319.8
C10189,2009-03-24,2009-04-04,6,36.17,217.02
C10189,2009-03-24,2009-05-11,9,28.68,258.12
C10189,2009-03-24,2009-05-21,7,44.81,313.67
C10189,2009-03-24,2009-07-04,3,37.79,113.37
C10189,2009-03-24,2009-07-09,10,65.34,653.4
C10189,2009-03-24,2009-07-09,11,9.04,99.44
C10190,2009-07-06,2009-07-02,8,58.56,468.48
C10190,2009-07-06,2009-08-14,1,73.85,73.85
C10190,2009-07-06,2009-08-15,8,28.32,226.56
C10190,2009-07-06,2009-08-18,6,9.47,56.82
C10190,2009-07-06,2009-08-21,7,41.96,293.72
C10190,2009-07-06,2009-09-03,5,6.04,30.2
C10190,2009-07-06,2009-09-06,1,84.14,84.14
C10190,2009-07-06,2009-09-19,6,31.51,189.06
C10190,2009-07-06,2009-10-07,6,7.85,47.1
C10190,2009-07-06,2009-10-08,6,2.14,12.84
C10190,2009-07-06,2009-10-27,3,62.23,186.69
C10191,2009-06-22,2009-06-11,1,60.41,60.41
C10191,2009-06-22,2009-06-18,11,22.14,243.54
C10191,2009-06-22,2009-06-24,9,62.1,558.9
C10191,2009-06-22,2009-07-05,11,5.08,55.88
C10191,2009-06-22,2009-07-15,6,74.74,448.44
C10191,2009-06-22,2009-07-21,7,49.8,348.6
C10191,2009-06-22,2009-07-22,2,56.83,113.66
C10191,2009-06-22,2009-08-20,5,72.44,362.2
C10191,2009-06-22,2009-08-23,3,70.17,210.51
C10191,2009-06-22,2009-09-03,8,72.54,580.32
C10191,2009-06-22,2009-09-14,7,58.27,407.89
C10191,2009-06-22,2009-09-22,9,57.78,520.02
C10191,2009-06-22,2009-09-27,6,43.98,263.88
C10192,2009-06-15,2009-06-11,3,83.18,249.54
C10192,2009-06-15,2009-06-24,5,17.09,85.45
C10192,2009-06-15,2009-06-25,4,34.98,139.92
C10192,2009-06-15,2009-06-27,9,18.83,169.47
C10193,2009-04-09,2009-04-06,2,73.72,147.44
C10193,2009-04-09,2009-04-09,8,28.82,230.56
C10193,2009-04-09,2009-04-24,10,10.83,108.3
C10193,2009-04-09,2009-04-27,5,58.04,290.2
C10193,2009-04-09,2009-05-16,2,47.59,95.18
C10193,2009-04-09,2009-05-16,5,44.51,222.55
C10193,2009-04-09,2009-06-03,4,29.47,117.88
C10193,2009-04-09,2009-06-18,6,53.7,322.2
C10193,2009-04-09,2009-06-26,9,76.67,690.03
C10193,2009-04-09,2009-07-05,3,24.65,73.95
C10193,2009-04-09,2009-07-05,5,29.05,145.25
C10193,2009-04-09,2009-07-15,3,55.83,167.49
C10193,2009-04-09,2009-07-26,1,30.25,30.25
C10194,2009-09-19,2009-09-06,7,2.08,14.56
C10194,2009-09-19,2009-09-06,1,5.23,5.23
C10194,2009-09-19,2009-09-08,8,19.85,158.8
C10194,2009-09-19,2009-09-13,4,84.57,338.28
C10194,2009-09-19,2009-10-15,9,12.48,112.32
C10194,2009-09-19,2009-10-19,2,36.59,73.18
C10194,2009-09-19,2009-10-22,10,75.21,752.1
C10194,2009-09-19,2009-10-23,6,72.09,432.54
C10194,2009-09-19,2009-11-03,2,69.3,138.6
C10194,2009-09-19,2009-11-05,10,39.75,397.5
C10194,2009-09-19,2009-11-16,5,58.95,294.75
C10194,2009-09-19,2009-11-25,2,50.08,100.16
C10194,2009-09-19,2009-12-11,10,24.72,247.2
C10194,2009-09-19,2009-12-19,2,27.44,54.88
C10195,2009-01-24,2009-01-03,8,5.86,46.88
C10195,2009-01-24,2009-01-04,8,74.59,596.72
C10195,2009-01-24,2009-01-08,1,13.81,13.81
C10195,2009-01-24,2009-01-18,1,12.99,12.99
C10196,2009-04-04,2009-04-08,5,73.1,365.5
C10196,2009-04-04,2009-04-09,4,25.7,102.8
C10196,2009-04-04,2009-04-20,3,62.34,187.02
C10196,2009-04-04,2009-04-21,9,41.14,370.26
C10196,2009-04-04,2009-06-11,3,66.39,199.17
C10196,2009-04-04,2009-06-19,5,41.71,208.55
C10196,2009-04-04,2009-11-02,4,67.87,271.48
C10196,2009-04-04,2009-11-14,5,15.89,79.45
C10196,2009-04-04,2009-11-23,4,9.18,36.72
C10197,2009-02-02,2009-02-06,5,44.05,220.25
C10197,2009-02-02,2009-02-16,1,30.62,30.62
C10197,2009-02-02,2009-03-12,5,47.07,235.35
C10197,2009-02-02,2009-03-21,3,52.83,158.49
C10197,2009-02-02,2009-03-21,1,29.94,29.94
C10197,2009-02-02,2009-05-17,9,28.27,254.43
C10198,2009-04-03,2009-04-06,1,12.89,12.89
C10198,2009-04-03,2009-04-08,8,19.38,155.04
C10198,2009-04-03,2009-05-08,3,38.78,116.34
C10198,2009-04-03,2009-05-22,5,7.94,39.7
C10198,2009-04-03,2009-08-25,3,45.97,137.91
C10199,2009-09-20,2009-09-15,6,84.12,504.72
C10199,2009-09-20,2009-10-24,6,78.52,471.12
C10199,2009-09-20,2009-10-25,11,43.64,480.04
C10200,2009-04-10,2009-04-01,11,8.22,90.42
C10200,2009-04-10,2009-04-11,8,39.07,312.56
C10200,2009-04-10,2009-05-13,1,24.88,24.88
C10200,2009-04-10,2009-07-25,5,74.05,370.25
C10200,2009-04-10,2009-07-27,11,50.58,556.38
C10200,2009-04-10,2009-07-27,2,64.22,128.44
C10200,2009-04-10,2009-08-04,8,42.76,342.08
C10200,2009-04-10,2009-08-23,1,24.76,24.76
C10201,2009-09-06,2009-09-06,5,71.94,359.7
C10201,2009-09-06,2009-09-06,4,69.63,278.52
C10201,2009-09-06,2009-09-13,7,38.26,267.82
C10201,2009-09-06,2009-09-21,2,5.82,11.64
C10201,2009-09-06,2009-11-11,7,44.95,314.65
C10201,2009-09-06,2009-11-20,7,38.21,267.47
C10202,2009-05-16,2009-05-12,3,43.55,130.65
C10202,2009-05-16,2009-05-26,8,3.32,26.56
C10202,2009-05-16,2009-06-25,7,61.31,429.17
C10202,2009-05-16,2009-07-18,5,36.14,180.7
C10202,2009-05-16,2009-07-20,4,16.85,67.4
C10203,2009-07-11,2009-07-03,4,58.63,234.52
C10203,2009-07-11,2009-07-17,9,29.57,266.13
C10203,2009-07-11,2009-09-01,10,14.95,149.5
C10203,2009-07-11,2009-09-04,1,37.27,37.27
C10203,2009-07-11,2009-10-01,4,13.45,53.8
C10203,2009-07-11,2009-10-04,8,13.34,106.72
C10203,2009-07-11,2009-10-19,5,34.77,173.85
C10203,2009-07-11,2009-10-21,9,18.74,168.66
C10203,2009-07-11,2010-01-03,2,40.43,80.86
C10203,2009-07-11,2010-01-08,2,24.53,49.06
C10203,2009-07-11,2010-01-18,7,43.95,307.65
C10203,2009-07-11,2010-01-26,8,3.93,31.44
C10204,2009-05-05,2009-05-06,5,54.73,273.65
C10204,2009-05-05,2009-05-10,5,22.3,111.5
C10204,2009-05-05,2009-05-17,4,21.74,86.96
C10204,2009-05-05,2009-05-24,8,11.57,92.56
C10205,2009-03-14,2009-03-05,11,52.02,572.22
C10205,2009-03-14,2009-03-10,2,11.05,22.1
C10205,2009-03-14,2009-03-17,4,73.37,293.48
C10205,2009-03-14,2009-05-06,6,20.33,121.98
C10205,2009-03-14,2009-05-15,3,59.44,178.32
C10205,2009-03-14,2009-05-18,11,20.68,227.48
C10205,2009-03-14,2009-05-27,4,38.69,154.76
C10206,2009-07-28,2009-07-08,10,60.94,609.4
C10206,2009-07-28,2009-07-14,7,16.93,118.51
C10206,2009-07-28,2009-07-24,11,74.99,824.89
C10206,2009-07-28,2009-08-02,5,80.12,400.6
C10206,2009-07-28,2009-08-07,8,19.99,159.92
C10206,2009-07-28,2009-08-22,2,40.65,81.3
C10206,2009-07-28,2009-09-23,5,57.44,287.2
C10206,2009-07-28,2010-01-18,6,30.33,181.98
C10206,2009-07-28,2010-01-20,4,75.02,300.08
C10206,2009-07-28,2010-01-23,3,42.25,126.75
C10207,2009-09-22,2009-09-07,8,32.2,257.6
C10207,2009-09-22,2009-09-18,3,54.38,163.14
C10207,2009-09-22,2009-09-21,10,67.37,673.7
C10207,2009-09-22,2009-12-11,10,6.43,64.3
C10208,2009-03-13,2009-03-15,7,51.4,359.8
C10208,2009-03-13,2009-03-19,4,21.75,87.0
C10208,2009-03-13,2009-03-22,6,56.41,338.46
C10208,2009-03-13,2009-03-22,8,20.91,167.28
C10208,2009-03-13,2009-05-15,3,31.95,95.85
C10208,2009-03-13,2009-05-19,8,15.18,121.44
C10208,2009-03-13,2009-05-26,3,73.27,219.81
C10208,2009-03-13,2009-06-14,7,21.56,150.92
C10208,2009-03-13,2009-07-01,5,28.41,142.05
C10208,2009-03-13,2009-08-09,11,36.19,398.09
C10208,2009-03-13,2009-08-17,7,7.88,55.16
C10208,2009-03-13,2009-08-17,2,74.44,148.88
C10209,2009-08-01,2009-08-06,4,54.55,218.2
C10209,2009-08-01,2009-08-21,3,27.79,83.37
C10209,2009-08-01,2009-08-22,2,27.5,55.0
C10209,2009-08-01,2009-09-25,3,2.57,7.71
C10210,2009-03-13,2009-03-16,7,20.11,140.77
C10210,2009-03-13,2009-06-02,8,66.24,529.92
C10210,2009-03-13,2009-06-11,7,18.96,132.72
C10210,2009-03-13,2009-06-12,8,60.26,482.08
C10210,2009-03-13,2009-06-18,9,21.5,193.5
C10211,2009-07-15,2009-07-02,4,44.04,176.16
C10211,2009-07-15,2009-07-22,6,51.87,311.22
C10211,2009-07-15,2009-07-26,5,78.32,391.6
C10212,2009-08-04,2009-08-12,9,4.12,37.08
C10212,2009-08-04,2009-08-17,9,28.73,258.57
C10212,2009-08-04,2009-09-07,3,76.35,229.05
C10212,2009-08-04,2009-09-22,6,53.04,318.24
C10212,2009-08-04,2009-09-23,10,5.85,58.5
C10212,2009-08-04,2009-10-05,7,22.4,156.8
C10212,2009-08-04,2009-10-21,3,28.25,84.75
C10212,2009-08-04,2009-10-24,11,21.98,241.78
C10212,2009-08-04,2009-12-18,11,20.72,227.92
C10212,2009-08-04,2009-12-22,10,15.21,152.1
C10213,2009-05-03,2009-05-08,8,52.02,416.16
C10213,2009-05-03,2009-05-15,6,16.0,96.0
C10213,2009-05-03,2009-05-23,7,47.59,333.13
C10213,2009-05-03,2009-06-25,4,14.03,56.12
C10214,2009-07-21,2009-07-10,5,43.76,218.8
C10214,2009-07-21,2009-08-12,4,39.58,158.32
C10214,2009-07-21,2009-08-26,6,83.7,502.2
C10214,2009-07-21,2009-09-05,11,16.48,181.28
C10214,2009-07-21,2009-09-14,6,31.05,186.3
C10214,2009-07-21,2009-12-14,9,36.55,328.95
C10214,2009-07-21,2009-12-21,11,26.11,287.21
C10214,2009-07-21,2009-12-24,11,36.33,399.63
C10215,2009-03-16,2009-03-10,5,84.57,422.85
C10215,2009-03-16,2009-03-10,1,59.22,59.22
C10215,2009-03-16,2009-03-16,10,70.72,707.2
C10215,2009-03-16,2009-03-18,11,48.75,536.25
C10215,2009-03-16,2009-04-16,6,71.44,428.64
C10215,2009-03-16,2009-04-19,1,53.0,53.0
C10215,2009-03-16,2009-04-21,10,39.39,393.9
C10215,2009-03-16,2009-04-24,2,25.91,51.82
C10215,2009-03-16,2009-05-17,9,79.69,717.21
C10215,2009-03-16,2009-05-21,1,78.89,78.89
C10215,2009-03-16,2009-08-11,6,53.68,322.08
C10216,2009-01-22,2009-01-02,2,78.09,156.18
C10216,2009-01-22,2009-01-06,6,26.87,161.22
C10216,2009-01-22,2009-01-15,7,38.48,269.36
C10216,2009-01-22,2009-01-27,11,20.22,222.42
C10216,2009-01-22,2009-02-10,10,43.5,435.0
C10216,2009-01-22,2009-03-02,10,71.95,719.5
C10217,2009-01-27,2009-01-07,4,71.3,285.2
C10217,2009-01-27,2009-07-01,6,39.78,238.68
C10217,2009-01-27,2009-07-06,4,28.95,115.8
C10217,2009-01-27,2009-07-13,8,7.21,57.68
C10217,2009-01-27,2009-07-16,1,84.27,84.27
C10218,2009-05-03,2009-05-14,5,63.94,319.7
C10218,2009-05-03,2009-05-17,8,62.88,503.04
C10218,2009-05-03,2009-06-05,3,2.36,7.08
C10218,2009-05-03,2009-06-09,8,53.93,431.44
C10218,2009-05-03,2009-06-20,8,5.89,47.12
C10218,2009-05-03,2009-06-23,9,6.03,54.27
C10219,2009-09-04,2009-09-07,8,6.51,52.08
C10219,2009-09-04,2009-11-15,5,49.52,247.6
C10219,2009-09-04,2009-11-17,9,58.02,522.18
C10219,2009-09-04,2009-11-25,9,58.57,527.13
C10220,2009-02-04,2009-02-03,11,38.77,426.47
C10220,2009-02-04,2009-03-05,4,16.12,64.48
C10220,2009-02-04,2009-03-15,8,16.13,129.04
C10220,2009-02-04,2009-03-21,3,23.36,70.08
C10220,2009-02-04,2009-04-05,1,8.07,8.07
C10220,2009-02-04,2009-04-27,1,79.18,79.18
C10220,2009-02-04,2009-06-26,9,35.59,320.31
C10220,2009-02-04,2009-09-10,4,12.18,48.72
C10220,2009-02-04,2009-09-12,6,38.71,232.26
C10220,2009-02-04,2009-09-14,2,48.55,97.1
C10220,2009-02-04,2009-09-24,2,10.54,21.08
C10221,2009-05-05,2009-05-06,2,68.42,136.84
C10221,2009-05-05,2009-05-07,1,35.69,35.69
C10221,2009-05-05,2009-06-08,2,26.34,52.68
C10221,2009-05-05,2009-06-20,3,10.94,32.82
C10221,2009-05-05,2009-06-20,5,48.88,244.4
C10221,2009-05-05,2009-06-21,8,54.03,432.24
C10221,2009-05-05,2009-07-03,2,7.16,14.32
C10221,2009-05-05,2009-07-08,11,56.2,618.2
C10221,2009-05-05,2009-07-13,1,18.72,18.72
C10221,2009-05-05,2009-07-14,7,70.22,491.54
C10222,2009-07-12,2009-07-02,9,64.39,579.51
C10222,2009-07-12,2009-07-16,10,51.97,519.7
C10222,2009-07-12,2009-08-06,4,14.85,59.4
C10222,2009-07-12,2009-08-12,6,56.02,336.12
C10222,2009-07-12,2009-08-16,10,32.58,325.8
C10222,2009-07-12,2009-08-24,3,29.21,87.63
C10223,2009-02-25,2009-02-18,10,70.49,704.9
C10223,2009-02-25,2009-04-05,9,27.12,244.08
C10223,2009-02-25,2009-04-16,9,62.71,564.39
C10223,2009-02-25,2009-04-21,11,61.73,679.03
C10223,2009-02-25,2009-04-26,11,33.41,367.51
C10223,2009-02-25,2009-05-14,7,29.56,206.92
C10223,2009-02-25,2009-05-17,7,27.49,192.43
C10223,2009-02-25,2009-05-18,5,73.6,368.0
C10223,2009-02-25,2009-05-22,2,67.15,134.3
C10224,2009-07-17,2009-07-10,4,84.89,339.56
C10224,2009-07-17,2009-07-15,1,62.25,62.25
C10224,2009-07-17,2009-07-17,6,3.02,18.12
C10224,2009-07-17,2009-08-11,5,22.83,114.15
C10224,2009-07-17,2009-08-26,3,25.39,76.17
C10224,2009-07-17,2009-08-27,4,54.97,219.88
C10224,2009-07-17,2009-09-11,6,78.19,469.14
C10225,2009-03-25,2009-03-21,4,9.18,36.72
C10225,2009-03-25,2009-06-04,6,51.99,311.94
C10225,2009-03-25,2009-06-04,3,38.33,114.99
C10226,2009-08-09,2009-08-08,3,15.35,46.05
C10226,2009-08-09,2009-08-08,10,25.0,250.0
C10226,2009-08-09,2009-08-09,8,57.27,458.16
C10226,2009-08-09,2009-08-11,4,66.38,265.52
C10226,2009-08-09,2009-09-02,7,50.34,352.38
C10226,2009-08-09,2009-09-09,8,64.15,513.2
C10226,2009-08-09,2009-09-24,10,7.76,77.6
C10226,2009-08-09,2009-11-13,11,64.51,709.61
C10226,2009-08-09,2009-11-15,8,56.03,448.24
C10226,2009-08-09,2009-11-22,10,79.05,790.5
C10227,2009-06-08,2009-06-03,10,76.72,767.2
C10228,2009-05-30,2009-05-14,11,4.51,49.61
C10229,2009-02-18,2009-02-06,3,59.83,179.49
C10229,2009-02-18,2009-02-06,10,17.68,176.8
C10229,2009-02-18,2009-02-20,2,70.81,141.62
C10229,2009-02-18,2009-03-02,9,9.14,82.26
C10229,2009-02-18,2009-03-06,3,39.81,119.43
C10229,2009-02-18,2009-03-08,11,48.64,535.04
C10229,2009-02-18,2009-03-12,5,83.2,416.0
C10230,2009-05-07,2009-05-09,5,5.39,26.95
C10230,2009-05-07,2009-05-19,6,18.7,112.2
C10230,2009-05-07,2009-06-05,2,20.8,41.6
C10230,2009-05-07,2009-06-11,9,31.44,282.96
C10230,2009-05-07,2009-06-20,2,47.88,95.76
C10230,2009-05-07,2009-08-21,8,17.66,141.28
C10231,2009-08-22,2009-08-10,1,81.68,81.68
C10231,2009-08-22,2009-08-13,2,31.33,62.66
C10231,2009-08-22,2009-09-14,9,2.51,22.59
C10231,2009-08-22,2009-09-22,11,55.62,611.82
C10231,2009-08-22,2009-09-26,11,69.84,768.24
C10231,2009-08-22,2009-09-26,8,51.88,415.04
C10231,2009-08-22,2009-10-01,5,56.62,283.1
C10231,2009-08-22,2009-10-08,2,70.89,141.78
C10231,2009-08-22,2009-10-09,5,62.73,313.65
C10231,2009-08-22,2009-10-13,3,80.35,241.05
C10231,2009-08-22,2009-11-04,5,69.95,349.75
C10232,2009-01-06,2009-01-02,1,49.68,49.68
C10232,2009-01-06,2009-01-07,10,31.22,312.2
C10232,2009-01-06,2009-01-14,9,16.49,148.41
C10232,2009-01-06,2009-01-20,6,38.98,233.88
C10232,2009-01-06,2009-04-18,5,7.27,36.35
C10233,2009-07-27,2009-07-02,2,63.42,126.84
C10233,2009-07-27,2009-08-22,2,13.74,27.48
C10233,2009-07-27,2009-08-22,11,10.02,110.22
C10233,2009-07-27,2009-10-17,11,19.24,211.64
C10233,2009-07-27,2009-10-25,8,12.65,101.2
C10233,2009-07-27,2009-10-25,3,39.43,118.29
C10234,2009-05-15,2009-05-01,5,32.39,161.95
C10234,2009-05-15,2009-05-10,1,77.74,77.74
C10234,2009-05-15,2009-05-27,9,2.03,18.27
C10234,2009-05-15,2009-07-13,10,22.79,227.9
C10234,2009-05-15,2009-07-14,4,57.05,228.2
C10234,2009-05-15,2009-07-17,5,63.91,319.55
C10234,2009-05-15,2009-07-24,3,28.84,86.52
C10234,2009-05-15,2009-10-04,4,32.09,128.36
C10234,2009-05-15,2009-10-05,7,53.96,377.72
C10234,2009-05-15,2009-10-07,10,44.07,440.7
C10234,2009-05-15,2009-11-05,7,10.39,72.73
C10234,2009-05-15,2009-11-13,5,67.24,336.2
C10234,2009-05-15,2009-11-18,6,40.85,245.1
C10234,2009-05-15,2009-11-20,4,11.14,44.56
C10235,2009-07-16,2009-07-05,6,14.08,84.48
C10235,2009-07-16,2009-07-06,7,38.82,271.74
C10235,2009-07-16,2009-07-16,4,37.64,150.56
C10235,2009-07-16,2009-09-24,11,27.43,301.73
C10235,2009-07-16,2009-10-26,10,30.48,304.8
C10236,2009-07-01,2009-07-01,7,51.79,362.53
C10236,2009-07-01,2009-07-02,7,26.07,182.49
C10236,2009-07-01,2009-07-03,11,47.62,523.82
C10236,2009-07-01,2009-07-13,5,2.09,10.45
C10236,2009-07-01,2010-01-05,4,27.13,108.52
C10236,2009-07-01,2010-01-10,7,56.95,398.65
C10237,2009-04-28,2009-04-07,11,32.2,354.2
C10237,2009-04-28,2009-04-10,8,14.39,115.12
C10237,2009-04-28,2009-04-17,2,16.5,33.0
C10237,2009-04-28,2009-04-25,11,22.51,247.61
C10237,2009-04-28,2009-06-01,4,29.06,116.24
C10237,2009-04-28,2009-06-06,7,14.29,100.03
C10237,2009-04-28,2009-06-24,9,43.6,392.4
C10237,2009-04-28,2009-07-03,11,58.17,639.87
C10237,2009-04-28,2009-07-07,10,64.43,644.3
C10237,2009-04-28,2009-07-13,8,33.92,271.36
C10237,2009-04-28,2009-07-17,4,61.51,246.04
C10238,2009-03-26,2009-03-16,1,42.63,42.63
C10238,2009-03-26,2009-05-16,1,49.3,49.3
C10238,2009-03-26,2009-05-17,9,50.52,454.68
C10238,2009-03-26,2009-12-25,5,47.49,237.45
C10238,2009-03-26,2009-12-25,5,6.78,33.9
C10239,2009-06-21,2009-06-15,5,60.85,304.25
C10239,2009-06-21,2009-06-17,1,61.0,61.0
C10239,2009-06-21,2009-06-22,4,56.09,224.36
C10239,2009-06-21,2009-08-12,1,52.26,52.26
C10239,2009-06-21,2009-09-10,9,65.8,592.2
C10239,2009-06-21,2009-09-15,8,53.01,424.08
C10239,2009-06-21,2009-09-18,5,27.88,139.4
C10239,2009-06-21,2009-09-26,1,52.44,52.44
C10239,2009-06-21,2009-10-09,3,16.92,50.76
C10239,2009-06-21,2009-10-12,11,7.9,86.9
C10239,2009-06-21,2009-10-12,10,57.5,575.0
C10240,2009-02-08,2009-02-05,7,34.49,241.43
C10241,2009-06-09,2009-06-07,10,38.07,380.7
C10241,2009-06-09,2009-06-17,10,50.17,501.7
C10241,2009-06-09,2009-07-27,10,38.93,389.3
C10242,2009-01-26,2009-01-21,6,45.85,275.1
C10242,2009-01-26,2009-01-22,9,36.74,330.66
C10242,2009-01-26,2009-01-25,9,13.06,117.54
C10242,2009-01-26,2009-02-02,3,59.77,179.31
C10242,2009-01-26,2009-03-17,8,47.58,380.64
C10242,2009-01-26,2009-03-18,11,74.11,815.21
C10242,2009-01-26,2009-03-25,4,71.08,284.32
C10243,2009-06-27,2009-06-08,9,32.71,294.39
C10243,2009-06-27,2009-06-16,2,49.98,99.96
C10243,2009-06-27,2009-08-01,8,65.85,526.8
C10243,2009-06-27,2009-08-05,9,36.91,332.19
C10243,2009-06-27,2009-08-06,2,47.29,94.58
C10243,2009-06-27,2009-08-16,10,7.8,78.0
C10243,2009-06-27,2009-09-05,9,26.16,235.44
C10243,2009-06-27,2009-09-05,2,76.76,153.52
C10243,2009-06-27,2009-09-07,6,73.02,438.12
C10243,2009-06-27,2009-09-19,10,6.46,64.6
C10243,2009-06-27,2009-11-02,11,46.51,511.61
C10243,2009-06-27,2009-11-12,5,6.78,33.9
C10243,2009-06-27,2009-11-21,1,77.02,77.02
C10243,2009-06-27,2009-11-23,7,66.1,462.7
C10244,2009-06-21,2009-06-07,11,10.16,111.76
C10244,2009-06-21,2009-06-11,3,70.58,211.74
C10244,2009-06-21,2009-06-27,2,65.36,130.72
C10244,2009-06-21,2009-07-02,8,68.44,547.52
C10244,2009-06-21,2009-07-24,9,55.99,503.91
C10244,2009-06-21,2009-08-04,8,76.34,610.72
C10244,2009-06-21,2009-08-05,4,75.57,302.28
C10244,2009-06-21,2009-08-12,10,26.79,267.9
C10244,2009-06-21,2009-08-21,2,81.04,162.08
C10245,2009-01-24,2009-01-25,2,61.72,123.44
C10245,2009-01-24,2009-06-01,3,81.18,243.54
C10245,2009-01-24,2009-06-12,11,82.3,905.3
C10245,2009-01-24,2009-07-03,3,42.94,128.82
C10245,2009-01-24,2009-07-04,5,6.41,32.05
C10245,2009-01-24,2009-07-11,4,64.49,257.96
C10245,2009-01-24,2009-07-21,3,52.59,157.77
C10246,2009-07-26,2009-07-07,11,63.81,701.91
C10247,2009-04-24,2009-04-10,10,31.18,311.8
C10247,2009-04-24,2009-04-17,10,68.51,685.1
C10247,2009-04-24,2009-04-21,2,22.15,44.3
C10247,2009-04-24,2009-04-24,11,20.55,226.05
C10247,2009-04-24,2009-05-10,8,9.27,74.16
C10247,2009-04-24,2009-05-11,11,84.53,929.83
C10247,2009-04-24,2009-05-19,8,47.57,380.56
C10247,2009-04-24,2009-08-20,9,69.62,626.58
C10248,2009-08-03,2009-08-10,2,11.48,22.96
C10248,2009-08-03,2009-08-18,6,77.3,463.8
C10248,2009-08-03,2009-08-21,10,59.33,593.3
C10248,2009-08-03,2009-08-25,9,53.91,485.19
C10248,2009-08-03,2009-10-12,9,65.1,585.9
C10248,2009-08-03,2009-10-16,4,60.54,242.16
C10248,2009-08-03,2009-10-17,9,44.23,398.07
C10248,2009-08-03,2009-10-20,9,7.19,64.71
C10248,2009-08-03,2010-01-07,4,18.76,75.04
C10248,2009-08-03,2010-01-10,4,36.03,144.12
C10248,2009-08-03,2010-01-14,6,67.89,407.34
C10248,2009-08-03,2010-01-18,8,61.47,491.76
C10249,2009-01-12,2009-01-20,5,15.15,75.75
C10249,2009-01-12,2009-01-23,6,16.44,98.64
C10249,2009-01-12,2009-03-10,6,67.72,406.32
C10249,2009-01-12,2009-03-11,8,26.77,214.16
C10249,2009-01-12,2009-04-15,10,44.55,445.5
C10249,2009-01-12,2009-04-18,7,10.0,70.0
C10249,2009-01-12,2009-06-05,6,75.8,454.8
C10249,2009-01-12,2009-06-08,5,29.62,148.1
C10249,2009-01-12,2009-06-17,3,49.09,147.27
C10249,2009-01-12,2009-06-20,11,20.22,222.42
C10249,2009-01-12,2009-07-01,5,70.12,350.6
C10249,2009-01-12,2009-07-02,10,44.64,446.4
C10249,2009-01-12,2009-07-22,8,73.68,589.44
C10249,2009-01-12,2009-07-27,2,22.85,45.7
C10250,2009-02-18,2009-02-16,1,55.62,55.62
C10250,2009-02-18,2009-02-19,9,57.86,520.74
C10250,2009-02-18,2009-02-26,3,51.94,155.82
C10250,2009-02-18,2009-03-20,3,54.88,164.64
C10250,2009-02-18,2009-03-23,6,12.65,75.9
C10250,2009-02-18,2009-04-16,2,14.86,29.72
C10250,2009-02-18,2009-05-13,7,16.64,116.48
C10251,2009-05-15,2009-05-06,3,67.17,201.51
C10251,2009-05-15,2009-05-11,1,23.63,23.63
C10251,2009-05-15,2009-05-20,11,42.88,471.68
C10251,2009-05-15,2009-06-03,10,44.97,449.7
C10251,2009-05-15,2009-06-16,6,4.29,25.74
C10251,2009-05-15,2009-06-23,11,82.22,904.42
C10251,2009-05-15,2009-08-04,10,45.92,459.2
C10251,2009-05-15,2009-08-15,1,13.48,13.48
C10251,2009-05-15,2009-08-22,9,40.58,365.22
C10251,2009-05-15,2009-08-26,1,71.16,71.16
C10252,2009-02-21,2009-02-17,7,13.1,91.7
C10252,2009-02-21,2009-04-15,6,24.62,147.72
C10252,2009-02-21,2009-04-17,3,51.35,154.05
C10253,2009-04-01,2009-04-01,2,27.09,54.18
C10253,2009-04-01,2009-04-16,6,69.83,418.98
C10253,2009-04-01,2009-04-21,4,16.05,64.2
C10253,2009-04-01,2009-06-01,3,34.68,104.04
C10253,2009-04-01,2009-06-03,3,47.87,143.61
C10253,2009-04-01,2009-06-04,11,22.57,248.27
C10253,2009-04-01,2009-06-24,4,22.69,90.76
C10254,2009-06-30,2009-06-04,5,5.09,25.45
C10254,2009-06-30,2009-06-08,6,32.57,195.42
C10254,2009-06-30,2009-06-19,9,30.8,277.2
C10254,2009-06-30,2009-06-23,6,6.74,40.44
C10254,2009-06-30,2009-07-14,6,5.78,34.68
C10254,2009-06-30,2009-07-15,5,55.21,276.05
C10254,2009-06-30,2009-07-22,7,8.25,57.75
C10254,2009-06-30,2009-09-01,1,43.3,43.3
C10254,2009-06-30,2009-09-05,2,59.63,119.26
C10254,2009-06-30,2009-09-07,2,53.53,107.06
C10254,2009-06-30,2009-09-09,3,66.14,198.42
C10254,2009-06-30,2009-12-05,11,20.34,223.74
C10254,2009-06-30,2009-12-20,6,84.62,507.72
C10255,2009-02-09,2009-02-05,10,46.76,467.6
C10255,2009-02-09,2009-02-10,10,57.27,572.7
C10255,2009-02-09,2009-04-15,11,42.11,463.21
C10255,2009-02-09,2009-04-16,1,33.38,33.38
C10255,2009-02-09,2009-04-17,8,32.39,259.12
C10255,2009-02-09,2009-05-19,8,77.36,618.88
C10255,2009-02-09,2009-05-27,11,33.23,365.53
C10256,2009-07-05,2009-07-02,2,49.24,98.48
C10256,2009-07-05,2009-07-04,6,56.4,338.4
C10256,2009-07-05,2009-07-15,2,7.06,14.12
C10257,2009-01-29,2009-01-17,6,6.87,41.22
C10257,2009-01-29,2009-02-13,10,63.74,637.4
C10258,2009-02-17,2009-02-04,2,74.3,148.6
C10258,2009-02-17,2009-02-23,9,11.69,105.21
C10258,2009-02-17,2009-02-25,9,74.91,674.19
C10258,2009-02-17,2009-04-12,5,39.85,199.25
C10258,2009-02-17,2009-05-01,11,74.76,822.36
C10258,2009-02-17,2009-05-27,6,25.62,153.72
C10258,2009-02-17,2009-06-13,5,34.6,173.0
C10258,2009-02-17,2009-06-22,1,66.68,66.68
C10258,2009-02-17,2009-06-23,5,39.63,198.15
C10258,2009-02-17,2009-06-23,11,45.88,504.68
C10258,2009-02-17,2009-07-08,5,37.84,189.2
C10258,2009-02-17,2009-07-14,2,72.47,144.94
C10258,2009-02-17,2009-09-03,10,54.71,547.1
C10258,2009-02-17,2009-09-10,1,13.14,13.14
C10258,2009-02-17,2009-09-18,7,69.08,483.56
C10259,2009-06-10,2009-06-04,1,3.07,3.07
C10259,2009-06-10,2009-06-07,7,78.24,547.68
C10259,2009-06-10,2009-06-09,11,42.4,466.4
C10259,2009-06-10,2009-06-24,9,25.97,233.73
C10259,2009-06-10,2009-07-03,9,45.45,409.05
C10259,2009-06-10,2009-10-24,1,4.74,4.74
C10260,2009-08-05,2009-08-26,2,68.43,136.86
C10260,2009-08-05,2009-09-07,10,62.53,625.3
C10260,2009-08-05,2009-10-02,2,53.15,106.3
C10260,2009-08-05,2009-10-04,7,82.71,578.97
C10261,2009-02-16,2009-02-02,1,54.98,54.98
C10261,2009-02-16,2009-02-15,5,47.89,239.45
C10261,2009-02-16,2009-03-15,10,71.32,713.2
C10261,2009-02-16,2009-04-03,6,81.02,486.12
C10261,2009-02-16,2009-04-10,7,33.76,236.32
C10261,2009-02-16,2009-04-27,3,12.73,38.19
C10261,2009-02-16,2009-04-27,1,51.83,51.83
C10262,2009-03-23,2009-03-13,1,6.64,6.64
C10262,2009-03-23,2009-03-19,2,73.64,147.28
C10262,2009-03-23,2009-04-19,2,7.5,15.0
C10262,2009-03-23,2009-05-14,3,2.45,7.35
C10262,2009-03-23,2009-05-26,6,11.68,70.08
C10262,2009-03-23,2009-06-18,4,23.87,95.48
C10262,2009-03-23,2009-06-20,4,22.49,89.96
C10263,2009-09-10,2009-09-19,3,15.01,45.03
C10263,2009-09-10,2009-09-24,3,38.94,116.82
C10263,2009-09-10,2009-10-17,5,29.09,145.45
C10263,2009-09-10,2009-10-18,3,55.96,167.88
C10264,2009-09-28,2009-09-06,2,39.46,78.92
C10264,2009-09-28,2009-09-08,8,31.75,254.0
C10264,2009-09-28,2009-09-14,1,2.33,2.33
C10264,2009-09-28,2009-09-26,4,37.07,148.28
C10265,2009-06-08,2009-06-10,8,37.25,298.0
C10265,2009-06-08,2009-06-13,11,59.98,659.78
C10265,2009-06-08,2009-06-27,7,37.53,262.71
C10265,2009-06-08,2009-07-07,11,60.66,667.26
C10265,2009-06-08,2009-07-16,4,32.83,131.32
C10265,2009-06-08,2009-08-01,11,69.34,762.74
C10265,2009-06-08,2009-10-03,9,61.72,555.48
C10265,2009-06-08,2009-10-04,3,53.7,161.1
C10265,2009-06-08,2009-10-22,7,71.7,501.9
C10265,2009-06-08,2009-11-05,11,43.99,483.89
C10265,2009-06-08,2009-11-06,6,5.66,33.96
C10265,2009-06-08,2009-11-12,7,40.18,281.26
C10265,2009-06-08,2009-11-14,2,67.42,134.84
C10266,2009-05-03,2009-05-03,4,4.61,18.44
C10266,2009-05-03,2009-05-04,10,4.68,46.8
C10266,2009-05-03,2009-05-14,3,14.21,42.63
C10266,2009-05-03,2009-05-23,8,34.85,278.8
C10266,2009-05-03,2009-07-07,8,59.74,477.92
C10266,2009-05-03,2009-07-15,5,38.22,191.1
C10266,2009-05-03,2009-07-17,10,14.9,149.0
C10266,2009-05-03,2009-09-08,7,14.11,98.77
C10267,2009-04-05,2009-04-09,6,77.36,464.16
C10267,2009-04-05,2009-04-12,11,69.94,769.34
C10267,2009-04-05,2009-04-14,2,39.54,79.08
C10267,2009-04-05,2009-04-14,10,31.22,312.2
C10267,2009-04-05,2009-05-17,5,57.5,287.5
C10268,2009-06-17,2009-06-05,5,67.71,338.55
C10268,2009-06-17,2009-07-14,2,79.82,159.64
C10269,2009-06-11,2009-06-10,4,78.34,313.36
C10269,2009-06-11,2009-06-25,11,11.19,123.09
C10269,2009-06-11,2009-07-13,2,6.51,13.02
C10269,2009-06-11,2009-07-13,8,39.62,316.96
C10269,2009-06-11,2009-07-20,3,75.45,226.35
C10269,2009-06-11,2009-09-22,6,4.33,25.98
C10270,2009-03-22,2009-03-23,1,4.94,4.94
C10270,2009-03-22,2009-05-18,3,6.92,20.76
C10270,2009-03-22,2009-05-21,5,24.28,121.4
C10270,2009-03-22,2009-05-21,9,9.19,82.71
C10271,2009-01-07,2009-01-11,10,61.73,617.3
C10271,2009-01-07,2009-01-25,11,77.35,850.85
C10271,2009-01-07,2009-03-22,4,55.48,221.92
C10271,2009-01-07,2009-04-12,11,18.97,208.67
C10271,2009-01-07,2009-04-17,2,61.97,123.94
C10271,2009-01-07,2009-04-23,1,59.53,59.53
C10271,2009-01-07,2009-04-26,6,45.28,271.68
C10272,2009-02-11,2009-02-20,10,72.21,722.1
C10272,2009-02-11,2009-04-04,8,43.98,351.84
C10273,2009-09-19,2009-09-07,9,11.12,100.08
C10273,2009-09-19,2009-09-17,11,33.42,367.62
C10273,2009-09-19,2009-09-24,7,17.3,121.1
C10273,2009-09-19,2010-01-08,6,40.97,245.82
C10273,2009-09-19,2010-01-13,5,81.48,407.4
C10273,2009-09-19,2010-01-23,9,33.46,301.14
C10274,2009-04-25,2009-04-05,7,74.46,521.22
C10274,2009-04-25,2009-04-20,11,75.11,826.21
C10274,2009-04-25,2009-05-12,4,54.95,219.8
C10274,2009-04-25,2009-05-14,6,59.17,355.02
C10274,2009-04-25,2009-05-25,9,78.3,704.7
C10274,2009-04-25,2009-05-27,11,62.35,685.85
C10275,2009-05-12,2009-05-09,5,44.16,220.8
C10275,2009-05-12,2009-05-26,10,30.9,309.0
C10275,2009-05-12,2009-08-17,5,19.07,95.35
C10275,2009-05-12,2009-08-26,10,31.8,318.0
C10276,2009-05-08,2009-05-02,4,60.42,241.68
C10276,2009-05-08,2009-05-27,10,18.97,189.7
C10276,2009-05-08,2009-06-19,10,26.19,261.9
C10276,2009-05-08,2009-06-23,6,60.58,363.48
C10276,2009-05-08,2009-10-24,6,12.66,75.96
C10277,2009-08-02,2009-08-11,7,65.0,455.0
C10277,2009-08-02,2009-08-27,4,13.07,52.28
C10277,2009-08-02,2009-10-16,6,15.37,92.22
C10277,2009-08-02,2009-11-03,1,45.54,45.54
C10277,2009-08-02,2009-11-05,3,62.11,186.33
C10277,2009-08-02,2009-11-13,8,19.58,156.64
C10277,2009-08-02,2009-11-18,11,19.33,212.63
C10277,2009-08-02,2009-12-12,6,15.07,90.42
C10277,2009-08-02,2009-12-21,6,80.58,483.48
C10278,2009-01-18,2009-01-12,9,8.65,77.85
C10278,2009-01-18,2009-01-17,8,30.32,242.56
C10278,2009-01-18,2009-01-17,6,57.57,345.42
C10278,2009-01-18,2009-02-04,3,40.74,122.22
C10278,2009-01-18,2009-02-11,11,36.13,397.43
C10278,2009-01-18,2009-03-09,2,78.08,156.16
C10279,2009-01-23,2009-01-07,3,40.9,122.7
C10279,2009-01-23,2009-01-23,10,14.71,147.1
C10279,2009-01-23,2009-01-25,7,69.46,486.22
C10279,2009-01-23,2009-04-02,4,42.74,170.96
C10279,2009-01-23,2009-04-12,4,57.39,229.56
C10279,2009-01-23,2009-04-27,9,41.18,370.62
C10280,2009-03-17,2009-03-07,2,61.36,122.72
C10280,2009-03-17,2009-03-08,5,22.71,113.55
C10280,2009-03-17,2009-03-20,8,48.15,385.2
C10280,2009-03-17,2009-03-24,10,81.18,811.8
C10280,2009-03-17,2009-05-01,1,67.6,67.6
C10280,2009-03-17,2009-05-02,7,84.32,590.24
C10280,2009-03-17,2009-05-19,7,11.55,80.85
C10280,2009-03-17,2009-07-10,8,40.62,324.96
C10280,2009-03-17,2009-07-21,11,63.0,693.0
C10281,2009-05-13,2009-05-01,8,3.71,29.68
C10281,2009-05-13,2009-05-08,11,23.66,260.26
C10281,2009-05-13,2009-05-16,2,72.37,144.74
C10281,2009-05-13,2009-05-18,8,72.48,579.84
C10281,2009-05-13,2009-06-12,3,33.05,99.15
C10281,2009-05-13,2009-06-13,3,77.93,233.79
C10281,2009-05-13,2009-06-16,1,50.08,50.08
C10281,2009-05-13,2009-09-19,7,49.75,348.25
C10281,2009-05-13,2009-09-25,11,5.87,64.57
C10282,2009-07-03,2009-07-05,9,64.42,579.78
C10282,2009-07-03,2009-08-01,6,62.73,376.38
C10282,2009-07-03,2009-10-09,1,39.24,39.24
C10282,2009-07-03,2009-10-27,4,20.23,80.92
C10282,2009-07-03,2010-02-01,6,8.94,53.64
C10283,2009-05-14,2009-05-20,6,16.25,97.5
C10283,2009-05-14,2009-05-27,4,6.21,24.84
C10283,2009-05-14,2009-06-26,7,43.97,307.79
C10283,2009-05-14,2009-06-26,9,76.06,684.54
C10283,2009-05-14,2009-07-25,8,23.48,187.84
C10283,2009-05-14,2009-09-02,7,61.89,433.23
C10283,2009-05-14,2009-09-10,3,71.71,215.13
C10283,2009-05-14,2009-09-26,4,73.67,294.68
C10284,2009-05-01,2009-05-04,8,39.56,316.48
C10284,2009-05-01,2009-05-05,2,72.89,145.78
C10284,2009-05-01,2009-05-07,6,11.8,70.8
C10284,2009-05-01,2009-05-11,8,74.66,597.28
C10284,2009-05-01,2009-07-21,6,53.18,319.08
C10284,2009-05-01,2009-07-26,8,49.75,398.0
C10285,2009-09-14,2009-09-15,3,37.95,113.85
C10285,2009-09-14,2009-09-19,1,55.55,55.55
C10285,2009-09-14,2009-11-01,11,70.12,771.32
C10285,2009-09-14,2009-11-26,9,82.42,741.78
C10285,2009-09-14,2009-11-26,7,64.19,449.33
C10285,2009-09-14,2009-12-07,1,73.7,73.7
C10285,2009-09-14,2009-12-13,9,2.29,20.61
C10286,2009-02-13,2009-02-03,5,3.45,17.25
C10286,2009-02-13,2009-02-21,4,22.29,89.16
C10286,2009-02-13,2009-02-23,2,24.55,49.1
C10286,2009-02-13,2009-02-25,3,9.75,29.25
C10286,2009-02-13,2009-03-01,5,44.29,221.45
C10286,2009-02-13,2009-03-03,2,11.01,22.02
C10286,2009-02-13,2009-03-06,4,61.36,245.44
C10286,2009-02-13,2009-03-20,1,73.88,73.88
C10286,2009-02-13,2009-04-05,11,12.41,136.51
C10286,2009-02-13,2009-04-09,5,72.69,363.45
C10286,2009-02-13,2009-05-08,7,24.69,172.83
C10286,2009-02-13,2009-06-01,5,3.04,15.2
C10286,2009-02-13,2009-06-06,11,55.27,607.97
C10286,2009-02-13,2009-06-11,8,58.21,465.68
C10286,2009-02-13,2009-06-15,7,18.73,131.11
C10286,2009-02-13,2009-07-08,11,67.89,746.79
C10286,2009-02-13,2009-07-16,5,12.13,60.65
C10286,2009-02-13,2009-07-24,8,67.77,542.16
C10286,2009-02-13,2009-09-03,2,7.98,15.96
C10286,2009-02-13,2009-09-20,10,19.11,191.1
C10286,2009-02-13,2009-09-21,4,54.14,216.56
C10286,2009-02-13,2009-10-09,7,57.56,402.92
C10286,2009-02-13,2009-10-15,11,51.78,569.58
C10286,2009-02-13,2009-10-25,2,56.83,113.66
C10286,2009-02-13,2009-10-27,6,45.24,271.44
C10287,2009-06-06,2009-06-07,5,29.59,147.95
C10287,2009-06-06,2009-06-20,10,13.27,132.7
C10287,2009-06-06,2009-08-06,1,28.62,28.62
C10287,2009-06-06,2009-08-20,9,41.59,374.31
C10287,2009-06-06,2009-08-22,1,72.12,72.12
C10287,2009-06-06,2009-12-10,5,76.01,380.05
C10287,2009-06-06,2009-12-18,1,39.96,39.96
C10288,2009-05-29,2009-05-17,1,20.48,20.48
C10288,2009-05-29,2009-05-23,4,80.2,320.8
C10288,2009-05-29,2009-10-06,10,69.91,699.1
C10288,2009-05-29,2009-10-10,6,25.19,151.14
C10288,2009-05-29,2009-12-16,4,83.28,333.12
C10288,2009-05-29,2009-12-20,7,21.43,150.01
C10289,2009-05-10,2009-05-12,6,52.3,313.8
C10289,2009-05-10,2009-05-12,2,14.84,29.68
C10289,2009-05-10,2009-05-25,6,15.84,95.04
C10289,2009-05-10,2009-07-18,1,71.65,71.65
C10290,2009-08-09,2009-08-09,5,34.32,171.6
C10290,2009-08-09,2009-08-11,5,12.73,63.65
C10290,2009-08-09,2009-08-23,5,33.46,167.3
C10290,2009-08-09,2009-09-08,2,49.97,99.94
C10290,2009-08-09,2009-09-21,8,47.04,376.32
C10290,2009-08-09,2009-12-04,4,7.03,28.12
C10290,2009-08-09,2009-12-11,4,51.68,206.72
C10290,2009-08-09,2009-12-17,11,3.22,35.42
C10290,2009-08-09,2009-12-25,7,67.78,474.46
C10290,2009-08-09,2010-01-03,4,52.7,210.8
C10290,2009-08-09,2010-01-03,1,39.8,39.8
C10290,2009-08-09,2010-01-15,2,3.4,6.8
C10290,2009-08-09,2010-01-19,5,66.52,332.6
C10291,2009-03-14,2009-03-10,9,75.47,679.23
C10291,2009-03-14,2009-03-13,5,8.76,43.8
C10291,2009-03-14,2009-04-02,7,58.26,407.82
C10291,2009-03-14,2009-04-07,11,51.06,561.66
C10291,2009-03-14,2009-04-09,1,41.49,41.49
C10291,2009-03-14,2009-04-25,8,55.36,442.88
C10292,2009-09-18,2009-09-06,4,62.0,248.0
C10292,2009-09-18,2009-09-08,5,33.88,169.4
C10292,2009-09-18,2009-09-16,7,7.05,49.35
C10292,2009-09-18,2009-09-23,5,47.48,237.4
C10293,2009-04-01,2009-04-23,4,29.14,116.56
C10294,2009-05-29,2009-05-08,6,33.51,201.06
C10294,2009-05-29,2009-05-14,5,57.11,285.55
C10295,2009-05-23,2009-05-08,2,43.65,87.3
C10295,2009-05-23,2009-05-12,10,15.94,159.4
C10295,2009-05-23,2009-05-22,7,30.06,210.42
C10295,2009-05-23,2009-06-21,7,17.78,124.46
C10295,2009-05-23,2009-07-27,5,79.73,398.65
C10295,2009-05-23,2009-09-20,1,73.48,73.48
C10295,2009-05-23,2009-09-20,7,63.81,446.67
C10295,2009-05-23,2009-09-21,7,48.34,338.38
C10296,2009-08-20,2009-08-02,3,83.62,250.86
C10296,2009-08-20,2009-08-18,10,60.27,602.7
C10296,2009-08-20,2009-11-07,7,8.62,60.34
C10296,2009-08-20,2009-11-10,11,32.79,360.69
C10296,2009-08-20,2009-11-16,3,81.14,243.42
C10296,2009-08-20,2009-11-17,3,36.66,109.98
C10297,2009-04-30,2009-04-04,9,29.23,263.07
C10297,2009-04-30,2009-04-12,4,29.96,119.84
C10297,2009-04-30,2009-05-06,2,20.05,40.1
C10297,2009-04-30,2009-07-09,6,31.42,188.52
C10297,2009-04-30,2009-09-09,5,31.06,155.3
C10297,2009-04-30,2009-09-13,8,48.77,390.16
C10297,2009-04-30,2009-09-15,8,49.08,392.64
C10298,2009-03-19,2009-03-01,10,58.26,582.6
C10298,2009-03-19,2009-03-03,10,35.02,350.2
C10298,2009-03-19,2009-03-09,11,7.22,79.42
C10298,2009-03-19,2009-03-18,2,79.8,159.6
C10298,2009-03-19,2009-05-12,7,53.65,375.55
C10298,2009-03-19,2009-05-13,4,7.29,29.16
C10298,2009-03-19,2009-05-20,3,52.51,157.53
C10298,2009-03-19,2009-05-21,3,14.82,44.46
C10298,2009-03-19,2009-06-01,6,31.88,191.28
C10298,2009-03-19,2009-06-15,10,41.65,416.5
C10298,2009-03-19,2009-06-26,7,51.95,363.65
C10298,2009-03-19,2009-06-26,9,59.75,537.75
C10299,2009-01-06,2009-01-12,9,52.03,468.27
C10299,2009-01-06,2009-01-22,11,32.74,360.14
C10300,2009-04-10,2009-04-14,3,23.62,70.86
C10300,2009-04-10,2009-04-21,2,36.87,73.74
C10300,2009-04-10,2009-04-22,6,29.71,178.26
C10300,2009-04-10,2009-06-02,11,22.04,242.44
C10301,2009-08-14,2009-08-25,10,7.63,76.3
C10301,2009-08-14,2009-09-08,8,43.01,344.08
C10301,2009-08-14,2009-09-14,7,51.52,360.64
C10301,2009-08-14,2009-09-26,5,66.23,331.15
C10302,2009-01-03,2009-01-04,10,61.5,615.0
C10302,2009-01-03,2009-01-18,1,25.92,25.92
C10302,2009-01-03,2009-02-04,5,77.46,387.3
C10302,2009-01-03,2009-02-08,4,16.58,66.32
C10302,2009-01-03,2009-05-15,6,49.09,294.54
C10302,2009-01-03,2009-05-16,3,16.38,49.14
C10302,2009-01-03,2009-05-17,9,32.01,288.09
C10302,2009-01-03,2009-05-21,8,80.95,647.6
C10302,2009-01-03,2009-07-20,10,18.33,183.3
C10303,2009-09-02,2009-09-08,5,28.3,141.5
C10303,2009-09-02,2009-09-17,9,2.43,21.87
C10303,2009-09-02,2009-09-21,11,51.61,567.71
C10303,2009-09-02,2009-10-26,2,23.39,46.78
C10304,2009-05-29,2009-05-25,6,45.87,275.22
C10304,2009-05-29,2009-09-07,1,45.85,45.85
C10304,2009-05-29,2009-09-15,1,83.05,83.05
C10304,2009-05-29,2009-09-16,1,61.61,61.61
C10305,2009-02-08,2009-02-01,1,83.9,83.9
C10305,2009-02-08,2009-02-15,6,29.99,179.94
C10305,2009-02-08,2009-02-27,11,10.34,113.74
C10305,2009-02-08,2009-03-08,7,22.84,159.88
C10305,2009-02-08,2009-03-18,7,76.67,536.69
C10305,2009-02-08,2009-04-05,2,63.3,126.6
C10305,2009-02-08,2009-04-06,6,53.95,323.7
C10305,2009-02-08,2009-04-07,3,12.28,36.84
C10306,2009-03-24,2009-03-06,11,56.79,624.69
C10306,2009-03-24,2009-04-03,6,81.84,491.04
C10306,2009-03-24,2009-04-07,11,33.7,370.7
C10306,2009-03-24,2009-05-02,2,33.77,67.54
C10306,2009-03-24,2009-05-12,6,26.21,157.26
C10306,2009-03-24,2009-05-15,5,37.64,188.2
C10306,2009-03-24,2009-05-27,11,20.36,223.96
C10306,2009-03-24,2009-07-01,2,33.27,66.54
C10306,2009-03-24,2009-07-02,2,61.73,123.46
C10306,2009-03-24,2009-07-11,10,24.69,246.9
C10306,2009-03-24,2009-07-16,4,16.15,64.6
C10307,2009-06-01,2009-06-07,9,40.33,362.97
C10307,2009-06-01,2009-06-11,2,81.34,162.68
C10307,2009-06-01,2009-06-17,4,45.98,183.92
C10307,2009-06-01,2009-06-22,3,84.46,253.38
C10308,2009-03-28,2009-03-08,11,41.83,460.13
C10308,2009-03-28,2009-03-09,8,71.47,571.76
C10308,2009-03-28,2009-03-18,9,63.89,575.01
C10308,2009-03-28,2009-03-21,3,17.03,51.09
C10308,2009-03-28,2009-06-03,3,2.85,8.55
C10308,2009-03-28,2009-06-17,6,29.84,179.04
C10308,2009-03-28,2009-06-23,4,23.26,93.04
C10309,2009-01-30,2009-01-02,9,5.72,51.48
C10309,2009-01-30,2009-01-08,11,49.16,540.76
C10309,2009-01-30,2009-01-10,11,50.5,555.5
C10309,2009-01-30,2009-01-18,2,14.23,28.46
C10310,2009-07-01,2009-07-08,8,35.13,281.04
C10310,2009-07-01,2009-07-16,10,26.14,261.4
C10310,2009-07-01,2009-07-18,1,81.31,81.31
C10310,2009-07-01,2009-07-27,11,28.32,311.52
C10310,2009-07-01,2009-08-09,5,12.83,64.15
C10310,2009-07-01,2009-08-12,6,13.29,79.74
C10310,2009-07-01,2009-08-18,11,27.68,304.48
C10310,2009-07-01,2009-08-23,5,39.39,196.95
C10310,2009-07-01,2009-09-07,9,9.88,88.92
C10310,2009-07-01,2009-09-08,8,14.97,119.76
C10310,2009-07-01,2009-09-17,5,61.17,305.85
C10311,2009-07-03,2009-07-10,4,62.45,249.8
C10312,2009-02-02,2009-02-04,2,50.67,101.34
C10312,2009-02-02,2009-02-10,5,49.37,246.85
C10312,2009-02-02,2009-02-12,9,79.33,713.97
C10312,2009-02-02,2009-02-24,11,18.03,198.33
C10312,2009-02-02,2009-03-06,6,43.81,262.86
C10312,2009-02-02,2009-03-20,8,46.37,370.96
C10312,2009-02-02,2009-08-10,2,82.76,165.52
C10313,2009-03-18,2009-03-02,11,28.97,318.67
C10313,2009-03-18,2009-03-08,4,56.68,226.72
C10313,2009-03-18,2009-03-12,5,31.62,158.1
C10313,2009-03-18,2009-03-19,3,35.43,106.29
C10313,2009-03-18,2009-04-13,3,47.97,143.91
C10314,2009-03-08,2009-03-20,1,30.54,30.54
C10314,2009-03-08,2009-03-24,3,59.48,178.44
C10314,2009-03-08,2009-04-15,11,52.34,575.74
C10314,2009-03-08,2009-04-27,5,47.13,235.65
C10314,2009-03-08,2009-05-05,4,44.68,178.72
C10314,2009-03-08,2009-05-17,11,56.68,623.48
C10314,2009-03-08,2009-05-17,10,59.34,593.4
C10314,2009-03-08,2009-05-22,11,69.67,766.37
C10315,2009-06-30,2009-06-06,3,19.75,59.25
C10315,2009-06-30,2009-07-15,9,56.72,510.48
C10315,2009-06-30,2009-08-20,1,28.5,28.5
C10315,2009-06-30,2009-09-06,9,66.9,602.1
C10315,2009-06-30,2009-09-09,9,33.03,297.27
C10315,2009-06-30,2009-09-17,11,53.96,593.56
C10315,2009-06-30,2009-09-27,11,20.43,224.73
C10316,2009-07-19,2009-07-13,8,70.07,560.56
C10316,2009-07-19,2009-07-26,7,26.06,182.42
C10316,2009-07-19,2009-08-22,7,44.66,312.62
C10316,2009-07-19,2009-08-24,10,51.88,518.8
C10316,2009-07-19,2009-08-27,2,18.35,36.7
C10316,2009-07-19,2009-12-09,5,77.37,386.85
C10316,2009-07-19,2009-12-21,10,70.61,706.1
C10316,2009-07-19,2009-12-25,8,6.23,49.84
C10316,2009-07-19,2010-02-02,4,77.77,311.08
C10316,2009-07-19,2010-02-10,7,3.75,26.25
C10316,2009-07-19,2010-02-16,2,28.59,57.18
C10316,2009-07-19,2010-02-17,8,73.38,587.04
C10317,2009-07-18,2009-07-02,1,15.13,15.13
C10317,2009-07-18,2009-07-07,9,34.57,311.13
C10317,2009-07-18,2009-07-10,8,52.81,422.48
C10317,2009-07-18,2009-07-13,9,61.65,554.85
C10317,2009-07-18,2009-08-26,2,68.19,136.38
C10317,2009-07-18,2009-09-04,10,13.99,139.9
C10317,2009-07-18,2009-09-06,5,24.17,120.85
C10317,2009-07-18,2009-09-09,7,17.54,122.78
C10317,2009-07-18,2009-09-15,8,83.66,669.28
C10317,2009-07-18,2009-11-18,9,74.96,674.64
C10317,2009-07-18,2009-11-18,11,46.1,507.1
C10317,2009-07-18,2009-11-25,5,39.87,199.35
C10317,2009-07-18,2010-01-05,5,34.11,170.55
C10317,2009-07-18,2010-01-22,9,12.49,112.41
C10318,2009-09-14,2009-09-11,8,27.85,222.8
C10318,2009-09-14,2009-10-01,6,29.14,174.84
C10318,2009-09-14,2009-10-06,1,5.06,5.06
C10318,2009-09-14,2009-10-23,10,82.58,825.8
C10318,2009-09-14,2009-11-08,7,75.51,528.57
C10318,2009-09-14,2009-11-20,2,37.59,75.18
C10318,2009-09-14,2009-11-26,9,30.99,278.91
C10318,2009-09-14,2009-11-27,2,37.39,74.78
C10319,2009-07-29,2009-07-26,10,55.32,553.2
C10319,2009-07-29,2009-08-04,8,47.39,379.12
C10319,2009-07-29,2009-09-01,4,41.57,166.28
C10319,2009-07-29,2009-09-10,4,46.56,186.24
C10319,2009-07-29,2009-09-16,3,12.8,38.4
C10319,2009-07-29,2009-09-18,10,6.52,65.2
C10319,2009-07-29,2009-10-05,7,49.76,348.32
C10319,2009-07-29,2009-10-14,10,13.72,137.2
C10319,2009-07-29,2009-10-26,2,33.9,67.8
C10320,2009-03-29,2009-03-12,3,9.59,28.77
C10320,2009-03-29,2009-03-16,6,65.92,395.52
C10320,2009-03-29,2009-03-20,10,70.34,703.4
C10320,2009-03-29,2009-04-09,10,70.29,702.9
C10320,2009-03-29,2009-04-15,4,14.11,56.44
C10320,2009-03-29,2009-04-22,5,78.81,394.05
C10320,2009-03-29,2009-04-25,6,71.75,430.5
C10320,2009-03-29,2009-05-11,4,31.57,126.28
C10320,2009-03-29,2009-05-17,5,80.43,402.15
C10320,2009-03-29,2009-05-26,11,37.34,410.74
C10320,2009-03-29,2009-06-04,3,47.6,142.8
C10320,2009-03-29,2009-06-04,6,23.65,141.9
C10320,2009-03-29,2009-06-22,9,4.86,43.74
C10320,2009-03-29,2009-07-04,3,63.28,189.84
C10321,2009-01-30,2009-01-09,7,65.86,461.02
C10321,2009-01-30,2009-01-15,2,44.78,89.56
C10321,2009-01-30,2009-01-27,11,23.15,254.65
C10321,2009-01-30,2009-02-21,7,50.9,356.3
C10321,2009-01-30,2009-02-22,1,81.63,81.63
C10321,2009-01-30,2009-03-17,5,19.11,95.55
C10321,2009-01-30,2009-03-20,2,56.63,113.26
C10321,2009-01-30,2009-03-21,4,9.9,39.6
C10321,2009-01-30,2009-03-23,2,40.3,80.6
C10321,2009-01-30,2009-04-04,4,43.2,172.8
C10321,2009-01-30,2009-04-05,2,18.42,36.84
C10321,2009-01-30,2009-04-05,9,17.5,157.5
C10321,2009-01-30,2009-04-19,11,15.41,169.51
C10322,2009-06-17,2009-06-04,5,9.43,47.15
C10322,2009-06-17,2009-06-12,6,20.57,123.42
C10322,2009-06-17,2009-06-18,8,2.8,22.4
C10322,2009-06-17,2009-06-23,7,61.39,429.73
C10322,2009-06-17,2009-11-20,1,56.27,56.27
C10322,2009-06-17,2009-11-21,8,32.66,261.28
C10323,2009-09-08,2009-09-12,2,81.33,162.66
C10323,2009-09-08,2009-09-17,4,62.69,250.76
C10323,2009-09-08,2009-11-05,7,5.19,36.33
C10323,2009-09-08,2009-11-10,8,42.02,336.16
C10323,2009-09-08,2009-11-16,10,81.08,810.8
C10323,2009-09-08,2009-12-05,4,16.72,66.88
C10323,2009-09-08,2009-12-06,1,66.85,66.85
C10323,2009-09-08,2009-12-17,11,31.34,344.74
C10324,2009-09-24,2009-09-08,11,47.66,524.26
C10324,2009-09-24,2009-09-10,10,43.74,437.4
C10324,2009-09-24,2009-09-12,4,37.24,148.96
C10324,2009-09-24,2009-09-13,6,41.85,251.1
C10324,2009-09-24,2009-11-22,5,3.62,18.1
C10324,2009-09-24,2009-12-04,1,80.61,80.61
C10324,2009-09-24,2009-12-13,11,65.27,717.97
C10324,2009-09-24,2010-01-25,8,29.58,236.64
C10325,2009-03-04,2009-03-03,6,62.79,376.74
C10325,2009-03-04,2009-03-15,8,4.0,32.0
C10325,2009-03-04,2009-03-16,3,38.83,116.49
C10325,2009-03-04,2009-04-17,2,47.25,94.5
C10325,2009-03-04,2009-04-20,4,72.41,289.64
C10325,2009-03-04,2009-04-27,9,50.44,453.96
C10325,2009-03-04,2009-05-13,8,32.1,256.8
C10325,2009-03-04,2009-05-19,8,61.46,491.68
C10325,2009-03-04,2009-05-22,6,74.24,445.44
C10325,2009-03-04,2009-06-02,6,40.35,242.1
C10325,2009-03-04,2009-06-05,2,66.78,133.56
C10325,2009-03-04,2009-06-07,8,33.78,270.24
C10325,2009-03-04,2009-06-10,11,17.71,194.81
C10325,2009-03-04,2009-07-06,5,5.78,28.9
C10325,2009-03-04,2009-07-07,4,81.81,327.24
C10325,2009-03-04,2009-07-17,6,70.28,421.68
C10325,2009-03-04,2009-07-19,2,9.23,18.46
C10325,2009-03-04,2009-08-08,6,33.83,202.98
C10326,2009-03-06,2009-03-07,11,47.72,524.92
C10326,2009-03-06,2009-03-08,1,11.33,11.33
C10326,2009-03-06,2009-03-19,1,75.39,75.39
C10326,2009-03-06,2009-03-25,4,46.15,184.6
C10326,2009-03-06,2009-05-06,7,78.32,548.24
C10326,2009-03-06,2009-05-09,7,76.15,533.05
C10326,2009-03-06,2009-05-19,1,28.69,28.69
C10326,2009-03-06,2009-08-02,5,26.55,132.75
C10326,2009-03-06,2009-08-11,11,55.96,615.56
C10326,2009-03-06,2009-08-18,7,77.21,540.47
C10326,2009-03-06,2009-08-27,10,5.04,50.4
C10327,2009-01-11,2009-01-10,1,83.44,83.44
C10327,2009-01-11,2009-03-20,1,32.46,32.46
C10328,2009-02-08,2009-02-05,5,33.32,166.6
C10328,2009-02-08,2009-02-15,1,84.81,84.81
C10328,2009-02-08,2009-02-23,7,67.62,473.34
C10328,2009-02-08,2009-04-02,5,77.18,385.9
C10329,2009-06-01,2009-06-09,6,51.8,310.8
C10329,2009-06-01,2009-06-11,1,83.72,83.72
C10329,2009-06-01,2009-06-24,8,60.41,483.28
C10329,2009-06-01,2009-06-27,1,49.63,49.63
C10329,2009-06-01,2009-10-03,8,36.47,291.76
C10329,2009-06-01,2009-10-11,4,76.41,305.64
C10329,2009-06-01,2009-10-12,9,63.61,572.49
C10330,2009-05-30,2009-05-09,6,13.46,80.76
C10330,2009-05-30,2009-05-19,3,72.1,216.3
C10330,2009-05-30,2009-05-20,7,63.58,445.06
C10330,2009-05-30,2009-06-10,1,80.66,80.66
C10330,2009-05-30,2009-08-14,11,49.89,548.79
C10330,2009-05-30,2009-08-23,6,60.26,361.56
C10330,2009-05-30,2009-09-14,5,4.57,22.85
C10330,2009-05-30,2009-09-20,1,43.24,43.24
C10330,2009-05-30,2009-09-20,11,29.15,320.65
C10330,2009-05-30,2009-09-22,11,49.53,544.83
C10331,2009-04-12,2009-04-07,4,28.32,113.28
C10331,2009-04-12,2009-04-11,11,70.04,770.44
C10331,2009-04-12,2009-04-19,1,7.29,7.29
C10331,2009-04-12,2009-05-06,9,66.44,597.96
C10331,2009-04-12,2009-05-12,6,5.37,32.22
C10331,2009-04-12,2009-05-13,3,65.23,195.69
C10331,2009-04-12,2009-06-12,10,79.62,796.2
C10331,2009-04-12,2009-06-15,9,84.29,758.61
C10331,2009-04-12,2009-07-13,5,54.5,272.5
C10331,2009-04-12,2009-07-17,5,66.04,330.2
C10331,2009-04-12,2009-07-18,6,84.33,505.98
C10331,2009-04-12,2009-08-11,1,24.03,24.03
C10331,2009-04-12,2009-08-15,7,77.65,543.55
C10331,2009-04-12,2009-08-26,7,40.84,285.88
C10331,2009-04-12,2009-08-27,6,84.74,508.44
C10332,2009-03-26,2009-03-02,1,37.17,37.17
C10332,2009-03-26,2009-03-18,5,32.6,163.0
C10332,2009-03-26,2009-03-21,6,57.88,347.28
C10332,2009-03-26,2009-03-22,1,71.26,71.26
C10332,2009-03-26,2009-04-04,11,45.84,504.24
C10332,2009-03-26,2009-04-07,5,50.48,252.4
C10332,2009-03-26,2009-04-07,4,70.91,283.64
C10332,2009-03-26,2009-04-09,3,49.94,149.82
C10333,2009-08-15,2009-08-01,5,66.69,333.45
C10333,2009-08-15,2009-09-07,3,5.76,17.28
C10333,2009-08-15,2009-09-08,1,70.96,70.96
C10333,2009-08-15,2009-12-16,10,6.71,67.1
C10333,2009-08-15,2009-12-16,5,73.1,365.5
C10333,2009-08-15,2009-12-26,5,11.78,58.9
C10334,2009-05-06,2009-05-07,6,63.29,379.74
C10334,2009-05-06,2009-05-11,1,9.62,9.62
C10334,2009-05-06,2009-05-12,7,70.34,492.38
C10334,2009-05-06,2009-05-18,10,29.75,297.5
C10334,2009-05-06,2009-06-15,6,40.0,240.0
C10334,2009-05-06,2009-06-16,9,77.6,698.4
C10335,2009-08-09,2009-08-08,5,24.18,120.9
C10335,2009-08-09,2009-08-18,1,69.38,69.38
C10335,2009-08-09,2009-08-24,3,72.44,217.32
C10335,2009-08-09,2009-08-25,11,77.45,851.95
C10335,2009-08-09,2009-09-13,7,31.17,218.19
C10335,2009-08-09,2009-09-15,1,30.87,30.87
C10335,2009-08-09,2009-11-08,6,2.32,13.92
C10335,2009-08-09,2009-11-18,10,33.33,333.3
C10335,2009-08-09,2009-11-20,3,59.39,178.17
C10335,2009-08-09,2009-12-07,2,9.32,18.64
C10335,2009-08-09,2009-12-12,10,18.73,187.3
C10335,2009-08-09,2009-12-19,11,58.78,646.58
C10335,2009-08-09,2009-12-24,5,18.64,93.2
C10336,2009-09-20,2009-09-08,5,20.51,102.55
C10336,2009-09-20,2009-10-24,11,59.53,654.83
C10336,2009-09-20,2009-10-25,10,46.87,468.7
C10336,2009-09-20,2009-10-27,3,61.17,183.51
C10336,2009-09-20,2009-12-07,1,24.5,24.5
C10336,2009-09-20,2009-12-11,11,68.75,756.25
C10336,2009-09-20,2009-12-12,10,63.03,630.3
C10336,2009-09-20,2009-12-18,1,74.71,74.71
C10337,2009-03-28,2009-03-19,4,80.44,321.76
C10337,2009-03-28,2009-04-04,10,60.22,602.2
C10337,2009-03-28,2009-04-07,6,47.99,287.94
C10337,2009-03-28,2009-04-09,4,82.74,330.96
C10337,2009-03-28,2009-04-16,7,47.99,335.93
C10338,2009-02-25,2009-02-05,11,58.94,648.34
C10338,2009-02-25,2009-02-11,9,17.42,156.78
C10338,2009-02-25,2009-02-25,9,14.17,127.53
C10338,2009-02-25,2009-03-17,3,61.66,184.98
C10338,2009-02-25,2009-03-19,4,30.02,120.08
C10338,2009-02-25,2009-05-20,1,51.79,51.79
C10338,2009-02-25,2009-05-25,10,24.31,243.1
C10339,2009-09-18,2009-09-08,2,25.77,51.54
C10339,2009-09-18,2009-10-02,8,47.4,379.2
C10339,2009-09-18,2009-10-19,10,50.24,502.4
C10339,2009-09-18,2009-10-25,6,23.68,142.08
C10339,2009-09-18,2009-12-07,9,63.52,571.68
C10339,2009-09-18,2009-12-23,9,5.23,47.07
C10340,2009-06-23,2009-06-21,6,3.44,20.64
C10340,2009-06-23,2009-06-25,6,63.95,383.7
C10340,2009-06-23,2009-06-25,3,50.87,152.61
C10340,2009-06-23,2009-08-02,11,8.93,98.23
C10340,2009-06-23,2009-08-08,6,12.27,73.62
C10340,2009-06-23,2009-08-15,1,66.51,66.51
C10340,2009-06-23,2009-08-18,1,80.72,80.72
C10340,2009-06-23,2009-09-10,3,60.61,181.83
C10340,2009-06-23,2009-09-13,1,29.34,29.34
C10340,2009-06-23,2009-09-18,4,26.74,106.96
C10340,2009-06-23,2009-09-20,8,6.96,55.68
C10341,2009-03-21,2009-03-15,6,10.56,63.36
C10341,2009-03-21,2009-04-10,4,53.76,215.04
C10341,2009-03-21,2009-04-13,7,8.15,57.05
C10341,2009-03-21,2009-04-21,11,27.32,300.52
C10341,2009-03-21,2009-04-25,5,56.44,282.2
C10341,2009-03-21,2009-08-17,11,44.25,486.75
C10341,2009-03-21,2009-08-23,2,83.73,167.46
C10341,2009-03-21,2009-09-19,5,74.49,372.45
C10341,2009-03-21,2009-09-25,10,83.37,833.7
C10342,2009-06-19,2009-06-02,9,37.54,337.86
C10342,2009-06-19,2009-06-18,10,49.8,498.0
C10342,2009-06-19,2009-06-26,7,34.72,243.04
C10342,2009-06-19,2009-08-06,1,59.51,59.51
C10342,2009-06-19,2009-08-08,3,38.55,115.65
C10342,2009-06-19,2009-08-22,4,48.26,193.04
C10342,2009-06-19,2009-08-22,1,16.16,16.16
C10343,2009-05-21,2009-05-10,1,44.63,44.63
C10343,2009-05-21,2009-05-17,9,36.35,327.15
C10343,2009-05-21,2009-05-19,6,22.83,136.98
C10343,2009-05-21,2009-06-01,1,71.53,71.53
C10343,2009-05-21,2009-06-13,10,56.39,563.9
C10343,2009-05-21,2009-06-19,7,75.6,529.2
C10343,2009-05-21,2009-06-22,8,31.88,255.04
C10343,2009-05-21,2009-07-03,4,13.78,55.12
C10343,2009-05-21,2009-07-26,4,59.36,237.44
C10344,2009-09-05,2009-09-04,9,44.35,399.15
C10344,2009-09-05,2009-09-16,10,9.24,92.4
C10344,2009-09-05,2009-10-05,8,66.73,533.84
C10344,2009-09-05,2009-10-18,3,45.57,136.71
C10345,2009-03-11,2009-03-12,10,38.85,388.5
C10345,2009-03-11,2009-04-25,5,82.75,413.75
C10345,2009-03-11,2009-06-06,7,80.36,562.52
C10345,2009-03-11,2009-06-08,2,73.71,147.42
C10345,2009-03-11,2009-06-23,11,80.61,886.71
C10345,2009-03-11,2009-06-23,8,73.15,585.2
C10345,2009-03-11,2009-07-10,4,41.77,167.08
C10346,2009-09-28,2009-09-22,9,60.3,542.7
C10346,2009-09-28,2009-10-23,5,50.8,254.0
C10347,2009-09-13,2009-09-03,8,32.0,256.0
C10347,2009-09-13,2009-09-07,1,22.0,22.0
C10347,2009-09-13,2009-09-09,4,53.92,215.68
C10347,2009-09-13,2009-09-14,9,60.92,548.28
C10347,2009-09-13,2009-10-07,8,62.55,500.4
C10347,2009-09-13,2009-10-08,4,36.29,145.16
C10347,2009-09-13,2009-10-26,5,42.43,212.15
C10348,2009-02-19,2009-02-13,1,73.89,73.89
C10348,2009-02-19,2009-02-21,5,42.84,214.2
C10348,2009-02-19,2009-03-23,7,36.08,252.56
C10349,2009-02-14,2009-02-19,8,83.17,665.36
C10349,2009-02-14,2009-03-11,11,60.35,663.85
C10349,2009-02-14,2009-03-19,10,64.36,643.6
C10350,2009-05-26,2009-05-05,3,47.16,141.48
C10350,2009-05-26,2009-05-11,4,60.9,243.6
C10350,2009-05-26,2009-05-16,10,55.64,556.4
C10350,2009-05-26,2009-05-17,9,79.97,719.73
C10350,2009-05-26,2009-06-04,5,12.43,62.15
C10351,2009-01-13,2009-01-03,6,2.73,16.38
C10351,2009-01-13,2009-01-22,3,83.21,249.63
C10351,2009-01-13,2009-03-03,9,69.95,629.55
C10351,2009-01-13,2009-03-04,10,16.36,163.6
C10351,2009-01-13,2009-03-17,4,49.93,199.72
C10351,2009-01-13,2009-05-03,3,84.19,252.57
C10351,2009-01-13,2009-05-04,4,7.4,29.6
C10351,2009-01-13,2009-05-12,1,73.29,73.29
C10351,2009-01-13,2009-05-13,1,45.91,45.91
C10352,2009-03-23,2009-03-19,6,23.58,141.48
C10353,2009-04-29,2009-04-20,11,50.34,553.74
C10353,2009-04-29,2009-05-11,4,33.23,132.92
C10354,2009-09-22,2009-09-06,7,38.53,269.71
C10354,2009-09-22,2009-09-12,5,59.98,299.9
C10354,2009-09-22,2009-09-26,11,31.56,347.16
C10355,2009-09-28,2009-09-02,4,25.46,101.84
C10355,2009-09-28,2009-09-07,1,47.97,47.97
C10355,2009-09-28,2009-09-09,4,25.52,102.08
C10355,2009-09-28,2009-09-12,1,65.89,65.89
C10355,2009-09-28,2009-10-21,7,50.44,353.08
C10355,2009-09-28,2009-10-25,3,19.13,57.39
C10355,2009-09-28,2009-12-14,3,49.65,148.95
C10355,2009-09-28,2009-12-15,6,53.78,322.68
C10355,2009-09-28,2009-12-24,4,74.32,297.28
C10355,2009-09-28,2010-01-06,3,20.45,61.35
C10355,2009-09-28,2010-01-19,5,47.9,239.5
C10355,2009-09-28,2010-01-21,3,30.62,91.86
C10355,2009-09-28,2010-01-25,5,57.78,288.9
C10356,2009-02-11,2009-02-15,11,53.92,593.12
C10356,2009-02-11,2009-02-19,3,8.27,24.81
C10356,2009-02-11,2009-02-25,3,46.78,140.34
C10356,2009-02-11,2009-02-27,8,51.16,409.28
C10356,2009-02-11,2009-03-15,5,79.07,395.35
C10356,2009-02-11,2009-03-23,3,64.69,194.07
C10356,2009-02-11,2009-03-25,6,4.82,28.92
C10356,2009-02-11,2009-04-12,6,68.54,411.24
C10356,2009-02-11,2009-04-17,3,72.55,217.65
C10356,2009-02-11,2009-04-19,1,78.74,78.74
C10357,2009-09-01,2009-09-21,3,39.18,117.54
C10357,2009-09-01,2009-10-01,2,23.51,47.02
C10357,2009-09-01,2009-10-27,8,26.92,215.36
C10357,2009-09-01,2009-11-20,5,29.81,149.05
C10357,2009-09-01,2009-11-20,5,82.79,413.95
C10357,2009-09-01,2009-11-23,8,81.76,654.08
C10357,2009-09-01,2010-03-16,9,27.78,250.02
C10357,2009-09-01,2010-03-22,11,29.22,321.42
C10357,2009-09-01,2010-03-24,2,36.4,72.8
C10358,2009-01-25,2009-01-01,11,56.41,620.51
C10358,2009-01-25,2009-01-05,3,19.33,57.99
C10358,2009-01-25,2009-01-06,3,13.42,40.26
C10358,2009-01-25,2009-01-22,8,15.52,124.16
C10358,2009-01-25,2009-05-11,1,84.55,84.55
C10358,2009-01-25,2009-05-15,9,6.91,62.19
C10358,2009-01-25,2009-05-25,4,57.48,229.92
C10358,2009-01-25,2009-05-26,4,80.34,321.36
C10358,2009-01-25,2009-06-14,2,8.07,16.14
C10358,2009-01-25,2009-06-14,5,6.34,31.7
C10359,2009-07-24,2009-07-19,9,65.65,590.85
C10359,2009-07-24,2009-08-18,9,49.09,441.81
C10359,2009-07-24,2009-09-03,9,79.99,719.91
C10360,2009-08-19,2009-08-09,11,62.27,684.97
C10360,2009-08-19,2009-08-23,5,64.05,320.25
C10360,2009-08-19,2009-08-24,6,15.03,90.18
C10360,2009-08-19,2009-08-25,3,32.83,98.49
C10360,2009-08-19,2009-10-13,1,34.65,34.65
C10360,2009-08-19,2009-10-14,7,35.29,247.03
C10360,2009-08-19,2009-10-17,2,10.77,21.54
C10361,2009-09-01,2009-09-27,9,80.78,727.02
C10361,2009-09-01,2009-10-01,5,36.45,182.25
C10361,2009-09-01,2009-10-19,10,25.05,250.5
C10361,2009-09-01,2009-10-19,11,30.59,336.49
C10361,2009-09-01,2010-01-16,6,64.44,386.64
C10362,2009-03-02,2009-03-19,5,32.77,163.85
C10362,2009-03-02,2009-03-19,2,76.26,152.52
C10362,2009-03-02,2009-04-09,1,27.59,27.59
C10362,2009-03-02,2009-04-10,11,74.24,816.64
C10362,2009-03-02,2009-04-21,4,37.57,150.28
C10362,2009-03-02,2009-04-27,3,47.42,142.26
C10362,2009-03-02,2009-05-15,11,79.9,878.9
C10363,2009-09-01,2009-09-24,8,49.15,393.2
C10363,2009-09-01,2009-12-18,11,50.52,555.72
C10364,2009-02-01,2009-02-08,8,70.73,565.84
C10364,2009-02-01,2009-03-11,5,15.59,77.95
C10365,2009-05-22,2009-05-06,1,6.21,6.21
C10365,2009-05-22,2009-05-09,7,13.69,95.83
C10365,2009-05-22,2009-05-15,10,44.38,443.8
C10365,2009-05-22,2009-09-04,1,16.26,16.26
C10365,2009-05-22,2009-09-15,8,58.0,464.0
C10365,2009-05-22,2009-09-22,10,76.33,763.3
C10366,2009-05-09,2009-05-14,6,32.95,197.7
C10366,2009-05-09,2009-06-04,7,11.72,82.04
C10366,2009-05-09,2009-06-10,4,47.55,190.2
C10366,2009-05-09,2009-06-12,4,35.64,142.56
C10366,2009-05-09,2009-06-27,10,64.83,648.3
C10367,2009-03-28,2009-03-08,2,27.95,55.9
C10367,2009-03-28,2009-04-11,2,50.37,100.74
C10367,2009-03-28,2009-04-27,7,48.97,342.79
C10368,2009-01-07,2009-01-01,6,47.43,284.58
C10368,2009-01-07,2009-01-20,9,83.56,752.04
C10369,2009-07-30,2009-07-16,6,79.39,476.34
C10369,2009-07-30,2009-07-23,11,17.68,194.48
C10369,2009-07-30,2009-07-23,4,75.05,300.2
C10370,2009-04-02,2009-04-08,10,80.28,802.8
C10370,2009-04-02,2009-04-18,4,9.37,37.48
C10370,2009-04-02,2009-04-26,10,29.71,297.1
C10370,2009-04-02,2009-05-08,1,56.43,56.43
C10370,2009-04-02,2009-07-06,1,75.22,75.22
C10370,2009-04-02,2009-07-09,7,67.57,472.99
C10370,2009-04-02,2009-07-16,3,82.02,246.06
C10370,2009-04-02,2009-07-16,7,2.66,18.62
C10371,2009-06-30,2009-06-22,5,16.29,81.45
C10371,2009-06-30,2009-06-26,8,27.55,220.4
C10371,2009-06-30,2009-07-09,9,80.18,721.62
C10371,2009-06-30,2009-07-13,5,73.69,368.45
C10371,2009-06-30,2009-07-17,8,11.16,89.28
C10371,2009-06-30,2009-07-21,1,38.02,38.02
C10371,2009-06-30,2009-08-03,4,56.43,225.72
C10371,2009-06-30,2009-08-05,3,18.42,55.26
C10371,2009-06-30,2009-08-25,8,78.3,626.4
C10371,2009-06-30,2009-08-27,6,81.03,486.18
C10372,2009-04-22,2009-04-02,6,45.37,272.22
C10372,2009-04-22,2009-04-16,6,34.35,206.1
C10372,2009-04-22,2009-04-21,4,39.19,156.76
C10372,2009-04-22,2009-06-01,2,21.23,42.46
C10372,2009-04-22,2009-06-08,6,39.29,235.74
C10372,2009-04-22,2009-06-08,2,16.46,32.92
C10372,2009-04-22,2009-06-22,1,69.29,69.29
C10373,2009-04-13,2009-04-21,1,68.34,68.34
C10373,2009-04-13,2009-06-11,10,45.72,457.2
C10373,2009-04-13,2009-06-17,1,77.89,77.89
C10373,2009-04-13,2009-06-26,10,75.67,756.7
C10373,2009-04-13,2009-08-25,1,66.54,66.54
C10373,2009-04-13,2009-09-16,3,73.39,220.17
C10373,2009-04-13,2009-09-17,5,25.19,125.95
C10373,2009-04-13,2009-09-19,4,21.94,87.76
C10373,2009-04-13,2009-09-26,4,45.89,183.56
C10374,2009-08-30,2009-08-01,2,53.25,106.5
C10374,2009-08-30,2009-08-07,2,47.69,95.38
C10374,2009-08-30,2009-09-12,1,70.13,70.13
C10374,2009-08-30,2009-09-23,3,64.15,192.45
C10374,2009-08-30,2009-09-27,6,13.3,79.8
C10374,2009-08-30,2009-10-01,9,21.15,190.35
C10374,2009-08-30,2009-10-17,8,5.16,41.28
C10374,2009-08-30,2009-10-25,3,79.38,238.14
C10374,2009-08-30,2009-11-26,9,23.34,210.06
C10374,2009-08-30,2009-12-16,1,28.07,28.07
C10375,2009-01-26,2009-01-18,4,68.33,273.32
C10375,2009-01-26,2009-01-18,7,67.72,474.04
C10375,2009-01-26,2009-01-20,9,58.25,524.25
C10375,2009-01-26,2009-01-21,9,52.51,472.59
C10375,2009-01-26,2009-03-25,10,27.29,272.9
C10375,2009-01-26,2009-04-07,6,76.54,459.24
C10375,2009-01-26,2009-04-10,11,59.63,655.93
C10375,2009-01-26,2009-04-13,3,54.12,162.36
C10375,2009-01-26,2009-04-24,2,36.49,72.98
C10376,2009-07-21,2009-07-08,7,15.02,105.14
C10376,2009-07-21,2009-07-12,11,45.54,500.94
C10376,2009-07-21,2009-07-13,7,32.01,224.07
C10376,2009-07-21,2009-07-19,1,23.58,23.58
C10376,2009-07-21,2009-08-01,6,32.04,192.24
C10376,2009-07-21,2009-08-23,6,38.35,230.1
C10376,2009-07-21,2009-12-11,10,39.89,398.9
C10377,2009-07-23,2009-07-18,8,36.07,288.56
C10377,2009-07-23,2009-07-21,11,55.9,614.9
C10377,2009-07-23,2009-08-10,11,56.96,626.56
C10377,2009-07-23,2009-08-21,1,26.81,26.81
C10377,2009-07-23,2009-09-05,3,55.35,166.05
C10377,2009-07-23,2009-09-07,1,23.6,23.6
C10377,2009-07-23,2009-09-20,10,11.55,115.5
C10377,2009-07-23,2009-09-21,10,14.82,148.2
C10378,2009-04-14,2009-04-21,7,58.94,412.58
C10378,2009-04-14,2009-05-06,8,6.09,48.72
C10378,2009-04-14,2009-05-10,10,77.16,771.6
C10378,2009-04-14,2009-05-20,1,51.89,51.89
C10378,2009-04-14,2009-05-26,2,58.4,116.8
C10378,2009-04-14,2009-06-09,6,2.43,14.58
C10378,2009-04-14,2009-06-23,10,44.22,442.2
C10378,2009-04-14,2009-08-13,8,34.57,276.56
C10378,2009-04-14,2009-10-04,4,84.14,336.56
C10378,2009-04-14,2009-10-06,1,28.51,28.51
C10379,2009-03-13,2009-03-09,10,11.93,119.3
C10379,2009-03-13,2009-03-11,7,22.56,157.92
C10379,2009-03-13,2009-03-13,4,80.75,323.0
C10379,2009-03-13,2009-03-19,5,55.52,277.6
C10379,2009-03-13,2009-04-09,3,17.5,52.5
C10379,2009-03-13,2009-04-11,4,84.35,337.4
C10379,2009-03-13,2009-04-18,6,48.8,292.8
C10379,2009-03-13,2009-04-23,5,24.62,123.1
C10379,2009-03-13,2009-06-13,4,75.81,303.24
C10379,2009-03-13,2009-06-18,5,59.17,295.85
C10379,2009-03-13,2009-07-02,4,83.8,335.2
C10379,2009-03-13,2009-07-13,3,12.57,37.71
C10379,2009-03-13,2009-07-13,9,66.53,598.77
C10380,2009-01-02,2009-01-17,4,22.44,89.76
C10380,2009-01-02,2009-01-19,5,66.48,332.4
C10380,2009-01-02,2009-01-21,8,13.27,106.16
C10380,2009-01-02,2009-01-24,9,66.83,601.47
C10380,2009-01-02,2009-02-05,1,70.49,70.49
C10380,2009-01-02,2009-04-01,8,67.79,542.32
C10380,2009-01-02,2009-06-13,4,15.72,62.88
C10380,2009-01-02,2009-07-08,3,19.43,58.29
C10380,2009-01-02,2009-07-15,8,41.67,333.36
C10381,2009-09-13,2009-09-16,2,5.23,10.46
C10381,2009-09-13,2009-09-17,1,31.06,31.06
C10381,2009-09-13,2009-11-20,8,18.19,145.52
C10381,2009-09-13,2009-11-22,1,2.33,2.33
C10381,2009-09-13,2009-12-03,6,5.29,31.74
C10382,2009-09-16,2009-09-14,10,31.81,318.1
C10382,2009-09-16,2009-09-21,8,78.81,630.48
C10382,2009-09-16,2009-10-01,6,33.41,200.46
C10382,2009-09-16,2009-10-03,4,46.61,186.44
C10382,2009-09-16,2009-10-21,6,65.34,392.04
C10382,2009-09-16,2009-10-26,4,20.54,82.16
C10382,2009-09-16,2009-11-22,9,2.71,24.39
C10382,2009-09-16,2010-01-20,8,49.09,392.72
C10382,2009-09-16,2010-01-20,5,59.61,298.05
C10382,2009-09-16,2010-01-22,10,66.64,666.4
C10383,2009-03-07,2009-03-23,4,21.76,87.04
C10383,2009-03-07,2009-04-14,2,34.58,69.16
C10383,2009-03-07,2009-05-03,2,35.08,70.16
C10383,2009-03-07,2009-05-12,11,48.9,537.9
C10383,2009-03-07,2009-05-17,1,24.4,24.4
C10383,2009-03-07,2009-05-18,9,68.23,614.07
C10383,2009-03-07,2009-06-03,8,16.91,135.28
C10383,2009-03-07,2009-06-14,5,68.24,341.2
C10383,2009-03-07,2009-06-16,8,64.45,515.6
C10383,2009-03-07,2009-06-26,2,82.39,164.78
C10384,2009-01-09,2009-01-07,6,21.18,127.08
C10384,2009-01-09,2009-04-07,10,29.46,294.6
C10384,2009-01-09,2009-04-15,9,48.44,435.96
C10384,2009-01-09,2009-04-24,10,75.49,754.9
C10384,2009-01-09,2009-08-05,9,19.64,176.76
C10384,2009-01-09,2009-08-12,2,25.25,50.5
C10385,2009-02-03,2009-02-01,9,77.49,697.41
C10386,2009-01-19,2009-01-16,1,80.75,80.75
C10386,2009-01-19,2009-01-26,4,73.67,294.68
C10387,2009-08-15,2009-08-15,11,16.83,185.13
C10387,2009-08-15,2009-08-20,11,7.33,80.63
C10387,2009-08-15,2009-09-03,7,34.38,240.66
C10387,2009-08-15,2009-09-03,4,16.46,65.84
C10387,2009-08-15,2009-09-16,4,55.79,223.16
C10387,2009-08-15,2009-11-01,7,69.18,484.26
C10387,2009-08-15,2009-11-11,2,14.23,28.46
C10387,2009-08-15,2009-11-25,7,66.64,466.48
C10388,2009-09-01,2009-09-04,9,47.41,426.69
C10388,2009-09-01,2009-09-17,7,75.21,526.47
C10388,2009-09-01,2009-11-09,3,19.76,59.28
C10389,2009-02-11,2009-02-02,5,35.72,178.6
C10389,2009-02-11,2009-02-17,1,41.26,41.26
C10389,2009-02-11,2009-03-14,8,47.6,380.8
C10389,2009-02-11,2009-05-21,5,27.26,136.3
C10390,2009-07-23,2009-07-22,7,4.05,28.35
C10390,2009-07-23,2009-08-02,10,4.99,49.9
C10390,2009-07-23,2009-08-05,8,51.68,413.44
C10390,2009-07-23,2009-08-21,4,60.63,242.52
C10390,2009-07-23,2009-08-22,8,22.31,178.48
C10390,2009-07-23,2009-09-12,10,67.06,670.6
C10390,2009-07-23,2009-09-15,2,21.83,43.66
C10390,2009-07-23,2009-09-16,4,28.51,114.04
C10390,2009-07-23,2009-09-24,2,17.66,35.32
C10391,2009-02-18,2009-02-14,3,35.67,107.01
C10391,2009-02-18,2009-02-17,9,23.91,215.19
C10391,2009-02-18,2009-03-25,9,36.05,324.45
C10391,2009-02-18,2009-03-26,3,74.0,222.0
C10391,2009-02-18,2009-05-10,8,40.99,327.92
C10392,2009-04-11,2009-04-23,5,31.1,155.5
C10392,2009-04-11,2009-04-24,7,25.34,177.38
C10392,2009-04-11,2009-05-06,7,79.49,556.43
C10392,2009-04-11,2009-05-22,11,3.48,38.28
C10392,2009-04-11,2009-05-26,7,81.56,570.92
C10392,2009-04-11,2009-06-04,2,7.72,15.44
C10392,2009-04-11,2009-06-08,9,67.23,605.07
C10392,2009-04-11,2009-08-08,6,82.49,494.94
C10392,2009-04-11,2009-08-09,8,32.89,263.12
C10392,2009-04-11,2009-08-13,3,43.6,130.8
C10392,2009-04-11,2009-08-20,5,15.11,75.55
C10392,2009-04-11,2009-11-18,7,22.23,155.61
C10392,2009-04-11,2009-11-27,5,60.63,303.15
C10393,2009-06-13,2009-06-09,9,73.88,664.92
C10393,2009-06-13,2009-06-11,10,26.74,267.4
C10393,2009-06-13,2009-06-14,5,77.77,388.85
C10393,2009-06-13,2009-06-15,10,70.68,706.8
C10393,2009-06-13,2009-07-03,1,78.27,78.27
C10394,2009-07-16,2009-07-08,1,34.09,34.09
C10394,2009-07-16,2009-07-16,4,70.61,282.44
C10394,2009-07-16,2009-07-17,6,83.07,498.42
C10394,2009-07-16,2009-07-18,6,64.13,384.78
C10394,2009-07-16,2009-09-23,2,32.33,64.66
C10395,2009-08-27,2009-08-27,9,74.51,670.59
C10395,2009-08-27,2009-09-02,6,4.47,26.82
C10395,2009-08-27,2009-09-18,1,60.55,60.55
C10395,2009-08-27,2009-09-23,2,47.47,94.94
C10395,2009-08-27,2009-11-09,2,56.0,112.0
C10395,2009-08-27,2009-11-13,10,75.85,758.5
C10395,2009-08-27,2009-11-19,1,82.86,82.86
C10396,2009-01-13,2009-01-06,9,70.64,635.76
C10396,2009-01-13,2009-01-15,4,84.4,337.6
C10396,2009-01-13,2009-01-17,10,42.3,423.0
C10396,2009-01-13,2009-01-23,8,45.49,363.92
C10396,2009-01-13,2009-02-03,4,78.16,312.64
C10396,2009-01-13,2009-02-10,6,75.66,453.96
C10396,2009-01-13,2009-02-11,4,25.97,103.88
C10396,2009-01-13,2009-06-20,5,52.41,262.05
C10396,2009-01-13,2009-06-25,2,13.56,27.12
C10396,2009-01-13,2009-08-08,1,84.36,84.36
C10396,2009-01-13,2009-08-12,8,9.4,75.2
C10397,2009-02-23,2009-02-01,11,67.3,740.3
C10397,2009-02-23,2009-02-08,10,79.04,790.4
C10397,2009-02-23,2009-05-23,11,78.09,858.99
C10397,2009-02-23,2009-05-24,6,67.38,404.28
C10397,2009-02-23,2009-06-09,7,58.07,406.49
C10397,2009-02-23,2009-06-10,7,31.77,222.39
C10398,2009-03-18,2009-03-04,5,4.53,22.65
C10398,2009-03-18,2009-03-18,2,63.53,127.06
C10398,2009-03-18,2009-03-19,7,69.94,489.58
C10398,2009-03-18,2009-04-22,6,31.93,191.58
C10398,2009-03-18,2009-04-24,2,19.21,38.42
C10398,2009-03-18,2009-04-24,1,9.73,9.73
C10398,2009-03-18,2009-05-15,11,46.95,516.45
C10398,2009-03-18,2009-05-18,5,20.48,102.4
C10398,2009-03-18,2009-05-23,1,37.23,37.23
C10398,2009-03-18,2009-06-23,7,40.31,282.17
C10399,2009-03-26,2009-03-09,2,61.48,122.96
C10399,2009-03-26,2009-03-27,5,45.18,225.9
C10399,2009-03-26,2009-06-15,5,69.33,346.65
C10399,2009-03-26,2009-06-25,5,83.69,418.45
C10400,2009-09-30,2009-09-12,5,14.89,74.45
C10400,2009-09-30,2009-10-04,10,81.55,815.5
C10400,2009-09-30,2009-10-17,7,81.68,571.76
C10400,2009-09-30,2009-10-22,10,30.95,309.5
C10400,2009-09-30,2009-10-27,7,72.65,508.55
C10400,2009-09-30,2009-11-08,1,62.94,62.94
C10400,2009-09-30,2009-11-17,5,55.91,279.55
C10400,2009-09-30,2010-02-12,8,43.17,345.36
C10401,2009-08-01,2009-08-04,1,20.91,20.91
C10401,2009-08-01,2009-08-09,11,38.14,419.54
C10401,2009-08-01,2009-08-19,11,21.79,239.69
C10401,2009-08-01,2009-08-26,1,6.14,6.14
C10401,2009-08-01,2009-09-02,5,11.37,56.85
C10401,2009-08-01,2009-09-04,4,31.06,124.24
C10401,2009-08-01,2009-09-19,6,82.71,496.26
C10401,2009-08-01,2010-01-07,3,29.01,87.03
C10401,2009-08-01,2010-01-12,10,58.33,583.3
C10402,2009-03-29,2009-03-06,5,52.81,264.05
C10402,2009-03-29,2009-03-11,8,4.06,32.48
C10402,2009-03-29,2009-03-12,2,15.49,30.98
C10402,2009-03-29,2009-03-20,4,16.21,64.84
C10402,2009-03-29,2009-04-25,11,42.47,467.17
C10402,2009-03-29,2009-04-27,1,66.19,66.19
C10402,2009-03-29,2009-05-13,5,10.29,51.45
C10402,2009-03-29,2009-05-17,5,83.66,418.3
C10403,2009-09-23,2009-09-18,2,45.17,90.34
C10403,2009-09-23,2009-09-21,6,40.52,243.12
C10403,2009-09-23,2009-10-11,7,22.36,156.52
C10403,2009-09-23,2009-10-20,6,14.13,84.78
C10403,2009-09-23,2009-11-05,9,31.24,281.16
C10403,2009-09-23,2009-11-13,1,71.99,71.99
C10403,2009-09-23,2009-11-14,6,81.88,491.28
C10404,2009-05-17,2009-05-21,5,13.19,65.95
C10404,2009-05-17,2009-06-01,9,83.46,751.14
C10404,2009-05-17,2009-09-03,4,59.05,236.2
C10404,2009-05-17,2009-09-04,11,29.21,321.31
C10404,2009-05-17,2009-09-11,1,70.54,70.54
C10404,2009-05-17,2010-02-04,4,58.71,234.84
C10404,2009-05-17,2010-02-17,9,27.33,245.97
C10404,2009-05-17,2010-02-22,9,77.48,697.32
C10405,2009-05-17,2009-05-18,11,26.52,291.72
C10405,2009-05-17,2009-05-25,6,4.4,26.4
C10405,2009-05-17,2009-06-10,2,22.06,44.12
C10405,2009-05-17,2009-06-11,3,41.08,123.24
C10405,2009-05-17,2009-06-17,11,53.8,591.8
C10405,2009-05-17,2009-06-23,1,60.51,60.51
C10405,2009-05-17,2009-09-08,5,37.68,188.4
C10405,2009-05-17,2009-09-10,6,76.7,460.2
C10405,2009-05-17,2009-11-20,3,14.52,43.56
C10405,2009-05-17,2009-11-20,9,77.32,695.88
C10405,2009-05-17,2009-11-23,2,40.99,81.98
C10406,2009-04-29,2009-04-01,1,73.05,73.05
C10406,2009-04-29,2009-04-03,7,51.87,363.09
C10406,2009-04-29,2009-04-05,1,28.02,28.02
C10406,2009-04-29,2009-04-20,9,78.49,706.41
C10407,2009-02-09,2009-02-05,3,74.42,223.26
C10407,2009-02-09,2009-02-13,1,42.5,42.5
C10407,2009-02-09,2009-03-26,5,8.6,43.0
C10407,2009-02-09,2009-04-24,9,8.84,79.56
C10407,2009-02-09,2009-05-14,2,67.41,134.82
C10407,2009-02-09,2009-05-15,5,10.41,52.05
C10407,2009-02-09,2009-05-20,11,56.14,617.54
C10407,2009-02-09,2009-09-07,2,49.42,98.84
C10407,2009-02-09,2009-09-10,9,48.5,436.5
C10407,2009-02-09,2009-09-13,6,79.03,474.18
C10407,2009-02-09,2009-09-23,7,55.32,387.24
C10408,2009-09-13,2009-09-04,2,63.45,126.9
C10408,2009-09-13,2009-09-22,4,66.46,265.84
C10408,2009-09-13,2009-10-04,4,40.99,163.96
C10408,2009-09-13,2009-10-19,9,45.2,406.8
C10408,2009-09-13,2009-11-02,7,5.92,41.44
C10408,2009-09-13,2009-11-14,1,51.9,51.9
C10408,2009-09-13,2009-11-27,5,52.87,264.35
C10409,2009-02-17,2009-02-01,7,18.62,130.34
C10409,2009-02-17,2009-02-11,11,3.89,42.79
C10409,2009-02-17,2009-02-18,1,71.18,71.18
C10409,2009-02-17,2009-02-23,8,49.89,399.12
C10410,2009-03-04,2009-03-02,8,52.28,418.24
C10410,2009-03-04,2009-03-05,4,83.59,334.36
C10410,2009-03-04,2009-03-19,8,58.94,471.52
C10410,2009-03-04,2009-04-08,2,54.34,108.68
C10410,2009-03-04,2009-04-13,7,65.33,457.31
C10410,2009-03-04,2009-04-14,1,60.28,60.28
C10411,2009-03-18,2009-03-04,11,49.61,545.71
C10411,2009-03-18,2009-03-27,1,59.87,59.87
C10411,2009-03-18,2009-04-05,2,40.55,81.1
C10411,2009-03-18,2009-04-05,4,42.77,171.08
C10411,2009-03-18,2009-04-27,1,29.85,29.85
C10411,2009-03-18,2009-11-07,7,19.53,136.71
C10411,2009-03-18,2009-11-10,7,72.12,504.84
C10412,2009-02-05,2009-02-19,4,73.66,294.64
C10413,2009-01-05,2009-01-11,8,55.62,444.96
C10413,2009-01-05,2009-01-18,4,31.57,126.28
C10413,2009-01-05,2009-01-21,6,12.51,75.06
C10413,2009-01-05,2009-02-11,8,83.0,664.0
C10413,2009-01-05,2009-02-24,9,63.16,568.44
C10413,2009-01-05,2009-02-26,6,48.57,291.42
C10413,2009-01-05,2009-03-11,3,52.16,156.48
C10413,2009-01-05,2009-03-13,1,49.19,49.19
C10413,2009-01-05,2009-03-26,9,13.46,121.14
C10414,2009-07-05,2009-07-13,3,25.19,75.57
C10414,2009-07-05,2009-07-16,8,66.07,528.56
C10414,2009-07-05,2009-07-16,6,44.97,269.82
C10414,2009-07-05,2009-07-21,7,48.74,341.18
C10414,2009-07-05,2009-10-14,8,25.46,203.68
C10415,2009-09-22,2009-09-07,3,22.8,68.4
C10415,2009-09-22,2009-09-15,3,30.87,92.61
C10415,2009-09-22,2009-09-26,7,57.39,401.73
C10415,2009-09-22,2009-10-01,2,50.7,101.4
C10415,2009-09-22,2009-10-02,2,18.98,37.96
C10415,2009-09-22,2009-10-10,1,24.72,24.72
C10415,2009-09-22,2009-10-11,11,74.81,822.91
C10415,2009-09-22,2009-11-07,10,48.16,481.6
C10415,2009-09-22,2009-11-27,3,18.71,56.13
C10415,2009-09-22,2009-12-05,1,8.84,8.84
C10415,2009-09-22,2009-12-16,8,10.05,80.4
C10415,2009-09-22,2009-12-25,5,82.93,414.65
C10416,2009-02-03,2009-02-20,11,31.69,348.59
C10416,2009-02-03,2009-02-21,11,44.41,488.51
C10416,2009-02-03,2009-02-27,11,54.99,604.89
C10416,2009-02-03,2009-02-27,7,22.93,160.51
C10417,2009-03-22,2009-03-05,2,8.38,16.76
C10417,2009-03-22,2009-03-12,7,8.82,61.74
C10417,2009-03-22,2009-03-17,2,83.09,166.18
C10417,2009-03-22,2009-04-18,3,50.09,150.27
C10417,2009-03-22,2009-04-19,9,54.39,489.51
C10417,2009-03-22,2009-07-13,8,8.08,64.64
C10418,2009-05-19,2009-05-09,10,54.09,540.9
C10418,2009-05-19,2009-05-24,4,13.41,53.64
C10418,2009-05-19,2009-05-26,10,31.93,319.3
C10418,2009-05-19,2009-06-02,1,69.72,69.72
C10418,2009-05-19,2009-06-03,3,46.94,140.82
C10418,2009-05-19,2009-06-23,6,9.12,54.72
C10418,2009-05-19,2009-06-26,7,44.24,309.68
C10419,2009-09-11,2009-09-25,10,73.17,731.7
C10419,2009-09-11,2009-10-05,11,81.18,892.98
C10419,2009-09-11,2009-10-07,8,9.35,74.8
C10419,2009-09-11,2009-11-15,1,24.83,24.83
C10419,2009-09-11,2009-11-17,4,59.98,239.92
C10419,2009-09-11,2010-01-05,7,10.56,73.92
C10419,2009-09-11,2010-01-18,2,3.7,7.4
C10419,2009-09-11,2010-01-26,11,11.55,127.05
C10420,2009-07-09,2009-07-15,6,58.03,348.18
C10420,2009-07-09,2009-08-13,3,69.29,207.87
C10420,2009-07-09,2009-08-15,1,53.9,53.9
C10420,2009-07-09,2009-08-23,8,48.21,385.68
C10420,2009-07-09,2009-09-18,8,56.32,450.56
C10420,2009-07-09,2009-12-03,7,14.02,98.14
C10421,2009-07-29,2009-07-02,3,7.27,21.81
C10421,2009-07-29,2009-07-07,11,72.89,801.79
C10421,2009-07-29,2009-07-20,11,70.45,774.95
C10421,2009-07-29,2009-08-06,6,66.19,397.14
C10421,2009-07-29,2009-08-08,8,42.94,343.52
C10421,2009-07-29,2009-08-13,2,77.8,155.6
C10421,2009-07-29,2009-08-27,2,62.12,124.24
C10421,2009-07-29,2009-10-10,8,46.9,375.2
C10421,2009-07-29,2009-10-15,3,34.54,103.62
C10421,2009-07-29,2009-10-19,10,80.33,803.3
C10421,2009-07-29,2009-10-20,2,18.21,36.42
C10422,2009-06-08,2009-06-05,6,83.45,500.7
C10422,2009-06-08,2009-07-07,2,2.84,5.68
C10422,2009-06-08,2009-07-19,5,6.3,31.5
C10422,2009-06-08,2009-07-26,3,54.55,163.65
C10422,2009-06-08,2009-08-01,2,62.8,125.6
C10422,2009-06-08,2009-08-04,7,62.13,434.91
C10423,2009-04-24,2009-04-07,1,80.79,80.79
C10423,2009-04-24,2009-04-10,5,67.49,337.45
C10423,2009-04-24,2009-04-18,9,21.21,190.89
C10423,2009-04-24,2009-04-27,8,55.52,444.16
C10423,2009-04-24,2009-05-18,7,26.52,185.64
C10423,2009-04-24,2009-05-27,7,69.12,483.84
C10423,2009-04-24,2009-07-03,9,37.58,338.22
C10423,2009-04-24,2009-07-14,1,18.62,18.62
C10423,2009-04-24,2009-07-14,1,72.53,72.53
C10423,2009-04-24,2009-07-25,11,73.67,810.37
C10423,2009-04-24,2009-09-12,10,37.33,373.3
C10423,2009-04-24,2009-09-14,8,73.12,584.96
C10423,2009-04-24,2009-10-11,4,23.91,95.64
C10423,2009-04-24,2009-10-21,5,8.31,41.55
C10423,2009-04-24,2009-10-26,6,31.96,191.76
C10424,2009-02-24,2009-02-08,11,84.65,931.15
C10424,2009-02-24,2009-02-11,11,74.27,816.97
C10424,2009-02-24,2009-02-14,11,46.35,509.85
C10424,2009-02-24,2009-02-15,4,82.23,328.92
C10424,2009-02-24,2009-03-03,2,60.15,120.3
C10424,2009-02-24,2009-03-11,6,4.31,25.86
C10424,2009-02-24,2009-03-16,6,35.7,214.2
C10424,2009-02-24,2009-05-13,10,73.65,736.5
C10424,2009-02-24,2009-05-14,2,14.64,29.28
C10424,2009-02-24,2009-05-17,2,2.46,4.92
C10424,2009-02-24,2009-07-02,4,40.59,162.36
C10424,2009-02-24,2009-07-20,8,47.63,381.04
C10425,2009-08-24,2009-08-06,11,25.22,277.42
C10425,2009-08-24,2009-08-10,1,11.57,11.57
C10425,2009-08-24,2009-09-04,5,78.7,393.5
C10425,2009-08-24,2009-09-21,8,52.85,422.8
C10426,2009-08-08,2009-08-03,1,62.6,62.6
C10426,2009-08-08,2009-08-12,9,2.14,19.26
C10426,2009-08-08,2009-08-18,6,23.96,143.76
C10426,2009-08-08,2009-08-18,1,72.23,72.23
C10427,2009-01-07,2009-01-05,8,4.01,32.08
C10427,2009-01-07,2009-01-09,3,84.45,253.35
C10427,2009-01-07,2009-01-11,5,8.39,41.95
C10427,2009-01-07,2009-02-04,7,55.4,387.8
C10427,2009-01-07,2009-02-08,6,33.85,203.1
C10427,2009-01-07,2009-02-10,7,56.74,397.18
C10427,2009-01-07,2009-08-26,11,28.64,315.04
C10427,2009-01-07,2009-09-14,10,5.13,51.3
C10427,2009-01-07,2009-09-24,1,22.31,22.31
C10427,2009-01-07,2009-09-25,7,38.39,268.73
C10427,2009-01-07,2009-09-27,9,45.54,409.86
C10428,2009-07-15,2009-07-03,7,61.9,433.3
C10428,2009-07-15,2009-07-13,1,22.76,22.76
C10428,2009-07-15,2009-07-15,11,59.56,655.16
C10428,2009-07-15,2009-07-18,5,33.04,165.2
C10428,2009-07-15,2009-08-12,2,56.57,113.14
C10428,2009-07-15,2009-08-13,9,10.93,98.37
C10428,2009-07-15,2009-08-23,8,69.61,556.88
C10428,2009-07-15,2009-09-06,5,76.94,384.7
C10428,2009-07-15,2009-09-14,5,20.57,102.85
C10428,2009-07-15,2009-09-14,5,33.17,165.85
C10428,2009-07-15,2009-09-18,2,54.99,109.98
C10428,2009-07-15,2009-10-23,2,4.92,9.84
C10428,2009-07-15,2009-11-06,3,3.46,10.38
C10428,2009-07-15,2009-11-08,2,6.03,12.06
C10428,2009-07-15,2009-11-17,2,6.83,13.66
C10429,2009-01-24,2009-01-05,8,62.7,501.6
C10429,2009-01-24,2009-01-07,3,74.09,222.27
C10429,2009-01-24,2009-03-12,4,27.8,111.2
C10429,2009-01-24,2009-06-06,1,2.44,2.44
C10429,2009-01-24,2009-06-10,11,16.48,181.28
C10429,2009-01-24,2009-06-17,5,75.39,376.95
C10429,2009-01-24,2009-06-21,10,77.7,777.0
C10430,2009-07-21,2009-07-11,6,77.49,464.94
C10430,2009-07-21,2009-08-23,6,44.76,268.56
C10430,2009-07-21,2009-10-01,5,72.59,362.95
C10430,2009-07-21,2009-10-20,11,72.51,797.61
C10430,2009-07-21,2009-10-20,5,16.14,80.7
C10431,2009-08-14,2009-08-15,3,47.91,143.73
C10431,2009-08-14,2009-08-25,3,55.07,165.21
C10431,2009-08-14,2009-10-01,5,31.91,159.55
C10431,2009-08-14,2009-10-11,1,23.09,23.09
C10431,2009-08-14,2009-11-10,6,43.53,261.18
C10431,2009-08-14,2009-11-13,2,9.89,19.78
C10431,2009-08-14,2009-11-26,8,52.85,422.8
C10432,2009-02-05,2009-02-02,8,37.15,297.2
C10432,2009-02-05,2009-02-02,7,67.25,470.75
C10432,2009-02-05,2009-02-14,4,78.85,315.4
C10432,2009-02-05,2009-03-03,11,5.65,62.15
C10433,2009-04-29,2009-04-06,4,70.76,283.04
C10433,2009-04-29,2009-04-10,8,16.55,132.4
C10433,2009-04-29,2009-04-24,4,21.71,86.84
C10433,2009-04-29,2009-05-10,3,73.88,221.64
C10433,2009-04-29,2009-05-26,8,30.71,245.68
C10433,2009-04-29,2009-08-25,2,43.82,87.64
C10434,2009-02-03,2009-02-19,10,47.14,471.4
C10434,2009-02-03,2009-02-26,10,56.41,564.1
C10434,2009-02-03,2009-02-26,9,59.51,535.59
C10434,2009-02-03,2009-04-06,7,43.62,305.34
C10434,2009-02-03,2009-04-20,7,60.81,425.67
C10435,2009-06-04,2009-06-16,7,75.88,531.16
C10435,2009-06-04,2009-06-23,10,10.94,109.4
C10435,2009-06-04,2009-06-27,9,28.47,256.23
C10435,2009-06-04,2009-07-09,6,48.83,292.98
C10435,2009-06-04,2009-07-09,4,10.96,43.84
C10435,2009-06-04,2009-07-12,9,18.99,170.91
C10435,2009-06-04,2009-07-25,8,51.37,410.96
C10435,2009-06-04,2009-08-03,2,82.65,165.3
C10435,2009-06-04,2009-08-06,9,44.21,397.89
C10435,2009-06-04,2009-08-20,8,4.79,38.32
C10435,2009-06-04,2009-09-08,8,60.61,484.88
C10435,2009-06-04,2009-09-14,3,26.18,78.54
C10435,2009-06-04,2009-09-19,5,19.01,95.05
C10435,2009-06-04,2009-09-24,2,24.64,49.28
C10436,2009-09-11,2009-09-06,1,69.97,69.97
C10436,2009-09-11,2009-09-06,7,2.37,16.59
C10436,2009-09-11,2009-09-09,7,27.62,193.34
C10436,2009-09-11,2009-09-18,3,54.43,163.29
C10436,2009-09-11,2010-04-13,2,40.15,80.3
C10437,2009-01-23,2009-01-16,2,83.05,166.1
C10437,2009-01-23,2009-01-17,1,2.84,2.84
C10437,2009-01-23,2009-02-05,10,9.81,98.1
C10437,2009-01-23,2009-02-17,9,46.26,416.34
C10437,2009-01-23,2009-02-20,10,29.95,299.5
C10437,2009-01-23,2009-04-02,2,12.45,24.9
C10437,2009-01-23,2009-04-10,11,51.67,568.37
C10437,2009-01-23,2009-04-12,4,2.99,11.96
C10437,2009-01-23,2009-04-14,8,71.76,574.08
C10438,2009-04-19,2009-04-08,7,13.62,95.34
C10438,2009-04-19,2009-04-10,5,30.78,153.9
C10438,2009-04-19,2009-04-22,8,29.79,238.32
C10438,2009-04-19,2009-05-20,2,32.99,65.98
C10438,2009-04-19,2009-05-26,5,27.68,138.4
C10438,2009-04-19,2009-09-01,8,15.04,120.32
C10438,2009-04-19,2009-09-09,5,83.29,416.45
C10439,2009-09-23,2009-09-03,6,5.65,33.9
C10439,2009-09-23,2009-09-03,2,79.63,159.26
C10439,2009-09-23,2009-10-08,1,19.81,19.81
C10439,2009-09-23,2009-10-18,7,24.03,168.21
C10439,2009-09-23,2009-10-20,11,27.88,306.68
C10439,2009-09-23,2009-10-22,6,16.1,96.6
C10439,2009-09-23,2009-11-05,11,15.44,169.84
C10439,2009-09-23,2009-11-15,7,64.36,450.52
C10439,2009-09-23,2009-11-23,10,55.99,559.9
C10439,2009-09-23,2009-11-24,8,11.17,89.36
C10440,2009-03-24,2009-03-01,3,53.77,161.31
C10440,2009-03-24,2009-03-13,4,81.86,327.44
C10440,2009-03-24,2009-03-14,4,29.57,118.28
C10440,2009-03-24,2009-03-18,8,54.81,438.48
C10440,2009-03-24,2009-05-18,1,59.29,59.29
C10440,2009-03-24,2009-05-22,5,71.68,358.4
C10440,2009-03-24,2009-06-01,10,63.09,630.9
C10440,2009-03-24,2009-06-11,6,75.34,452.04
C10440,2009-03-24,2009-06-27,2,69.46,138.92
C10440,2009-03-24,2009-07-03,5,81.69,408.45
C10440,2009-03-24,2009-07-08,7,78.72,551.04
C10441,2009-02-06,2009-02-15,7,27.84,194.88
C10441,2009-02-06,2009-02-22,8,48.23,385.84
C10441,2009-02-06,2009-02-25,5,16.04,80.2
C10441,2009-02-06,2009-03-01,8,61.24,489.92
C10441,2009-02-06,2009-03-11,6,20.71,124.26
C10441,2009-02-06,2009-03-18,2,81.45,162.9
C10442,2009-05-14,2009-05-05,8,10.58,84.64
C10442,2009-05-14,2009-05-05,2,56.81,113.62
C10442,2009-05-14,2009-05-19,2,54.62,109.24
C10442,2009-05-14,2009-05-23,8,43.25,346.0
C10442,2009-05-14,2009-06-11,3,82.92,248.76
C10442,2009-05-14,2009-06-21,9,79.74,717.66
C10442,2009-05-14,2009-06-24,11,13.58,149.38
C10442,2009-05-14,2009-06-25,9,56.09,504.81
C10442,2009-05-14,2009-07-09,2,73.43,146.86
C10442,2009-05-14,2009-07-09,5,2.87,14.35
C10442,2009-05-14,2009-07-10,5,29.07,145.35
C10442,2009-05-14,2009-07-26,4,32.98,131.92
C10443,2009-05-19,2009-05-01,1,20.63,20.63
C10443,2009-05-19,2009-05-08,1,80.86,80.86
C10443,2009-05-19,2009-05-09,1,12.52,12.52
C10443,2009-05-19,2009-05-11,2,27.07,54.14
C10443,2009-05-19,2009-06-11,10,10.85,108.5
C10443,2009-05-19,2009-06-24,6,72.12,432.72
C10443,2009-05-19,2009-08-09,9,58.55,526.95
C10443,2009-05-19,2009-08-19,4,5.84,23.36
C10443,2009-05-19,2009-09-09,8,78.43,627.44
C10443,2009-05-19,2009-09-23,8,13.43,107.44
C10444,2009-06-30,2009-06-03,1,36.61,36.61
C10444,2009-06-30,2009-06-20,8,41.52,332.16
C10444,2009-06-30,2009-06-22,10,5.66,56.6
C10444,2009-06-30,2009-07-10,1,42.48,42.48
C10444,2009-06-30,2009-07-10,1,28.38,28.38
C10445,2009-03-27,2009-03-01,7,33.13,231.91
C10445,2009-03-27,2009-03-13,10,76.1,761.0
C10445,2009-03-27,2009-03-14,6,10.94,65.64
C10445,2009-03-27,2009-03-22,11,77.22,849.42
C10445,2009-03-27,2009-04-09,11,20.26,222.86
C10445,2009-03-27,2009-04-14,11,75.65,832.15
C10445,2009-03-27,2009-06-15,9,24.25,218.25
C10446,2009-09-18,2009-09-02,9,50.12,451.08
C10446,2009-09-18,2009-09-17,4,5.7,22.8
C10446,2009-09-18,2009-09-24,4,19.65,78.6
C10446,2009-09-18,2009-10-10,3,20.2,60.6
C10446,2009-09-18,2009-12-09,2,2.04,4.08
C10446,2009-09-18,2009-12-13,4,10.23,40.92
C10446,2009-09-18,2009-12-25,5,54.2,271.0
C10447,2009-05-23,2009-05-03,7,44.46,311.22
C10447,2009-05-23,2009-05-12,3,23.42,70.26
C10447,2009-05-23,2009-05-14,6,60.24,361.44
C10447,2009-05-23,2009-06-01,6,2.23,13.38
C10447,2009-05-23,2009-06-12,1,60.43,60.43
C10447,2009-05-23,2009-06-16,4,59.56,238.24
C10447,2009-05-23,2009-06-16,6,6.93,41.58
C10448,2009-03-20,2009-03-21,9,62.12,559.08
C10448,2009-03-20,2009-05-02,2,45.79,91.58
C10448,2009-03-20,2009-05-10,10,29.78,297.8
C10448,2009-03-20,2009-06-14,4,35.29,141.16
C10448,2009-03-20,2009-06-17,10,16.7,167.0
C10448,2009-03-20,2009-06-24,9,22.69,204.21
C10448,2009-03-20,2009-06-27,4,2.28,9.12
C10448,2009-03-20,2009-07-02,9,79.24,713.16
C10448,2009-03-20,2009-07-02,1,83.52,83.52
C10448,2009-03-20,2009-07-09,11,34.28,377.08
C10448,2009-03-20,2009-07-10,3,67.2,201.6
C10449,2009-09-20,2009-09-03,11,7.52,82.72
C10449,2009-09-20,2009-09-05,4,75.72,302.88
C10449,2009-09-20,2009-09-07,5,33.2,166.0
C10449,2009-09-20,2009-09-22,11,71.45,785.95
C10449,2009-09-20,2009-10-07,3,52.11,156.33
C10449,2009-09-20,2009-10-08,7,59.81,418.67
C10449,2009-09-20,2009-10-09,9,41.27,371.43
C10449,2009-09-20,2009-10-12,3,67.61,202.83
C10449,2009-09-20,2009-11-05,9,40.94,368.46
C10449,2009-09-20,2009-11-12,3,13.15,39.45
C10449,2009-09-20,2009-11-12,1,83.66,83.66
C10449,2009-09-20,2009-11-18,8,72.07,576.56
C10449,2009-09-20,2010-02-05,4,76.01,304.04
C10449,2009-09-20,2010-02-25,4,12.44,49.76
C10450,2009-09-10,2009-09-15,10,30.86,308.6
C10450,2009-09-10,2009-09-23,1,57.26,57.26
C10450,2009-09-10,2009-11-16,10,22.33,223.3
C10450,2009-09-10,2009-11-27,3,52.71,158.13
C10450,2009-09-10,2010-04-02,1,42.55,42.55
C10450,2009-09-10,2010-04-06,8,12.96,103.68
C10450,2009-09-10,2010-04-17,7,84.92,594.44
C10451,2009-05-17,2009-05-23,4,44.24,176.96
C10451,2009-05-17,2009-07-24,3,50.17,150.51
C10451,2009-05-17,2009-07-25,9,45.66,410.94
C10451,2009-05-17,2009-08-01,8,18.03,144.24
C10451,2009-05-17,2009-08-07,6,75.75,454.5
C10451,2009-05-17,2009-08-11,9,72.15,649.35
C10451,2009-05-17,2009-10-13,3,79.3,237.9
C10451,2009-05-17,2009-10-15,7,79.15,554.05
C10452,2009-01-07,2009-01-21,6,3.51,21.06
C10452,2009-01-07,2009-01-27,11,34.5,379.5
C10453,2009-06-12,2009-06-04,8,60.88,487.04
C10453,2009-06-12,2009-06-07,6,58.46,350.76
C10453,2009-06-12,2009-06-08,7,63.63,445.41
C10453,2009-06-12,2009-06-21,6,56.72,340.32
C10453,2009-06-12,2009-09-03,10,38.11,381.1
C10453,2009-06-12,2009-09-14,8,3.62,28.96
C10453,2009-06-12,2009-09-19,6,20.17,121.02
C10453,2009-06-12,2009-09-22,1,83.95,83.95
C10453,2009-06-12,2009-10-02,3,62.25,186.75
C10454,2009-06-01,2009-06-07,11,3.24,35.64
C10454,2009-06-01,2009-06-15,6,52.99,317.94
C10454,2009-06-01,2009-07-02,4,54.74,218.96
C10454,2009-06-01,2009-07-24,7,13.88,97.16
C10454,2009-06-01,2009-07-25,9,65.36,588.24
C10454,2009-06-01,2009-08-16,7,6.5,45.5
C10454,2009-06-01,2009-08-19,10,49.83,498.3
C10454,2009-06-01,2009-08-26,5,55.67,278.35
C10455,2009-02-10,2009-02-26,2,43.99,87.98
C10455,2009-02-10,2009-02-27,7,19.42,135.94
C10455,2009-02-10,2009-03-22,6,55.72,334.32
C10455,2009-02-10,2009-04-05,2,45.01,90.02
C10455,2009-02-10,2009-04-09,4,82.15,328.6
C10455,2009-02-10,2009-04-21,6,3.91,23.46
C10455,2009-02-10,2009-06-01,4,16.24,64.96
C10455,2009-02-10,2009-06-06,7,53.18,372.26
C10455,2009-02-10,2009-06-08,5,11.25,56.25
C10455,2009-02-10,2009-06-20,8,37.18,297.44
C10455,2009-02-10,2009-10-06,6,26.71,160.26
C10455,2009-02-10,2009-10-23,7,25.48,178.36
C10456,2009-06-23,2009-06-07,3,78.19,234.57
C10456,2009-06-23,2009-07-01,11,53.36,586.96
C10456,2009-06-23,2009-07-02,4,33.63,134.52
C10456,2009-06-23,2009-07-19,10,8.96,89.6
C10456,2009-06-23,2009-07-26,6,4.98,29.88
C10456,2009-06-23,2009-08-08,6,76.31,457.86
C10456,2009-06-23,2009-08-11,10,16.48,164.8
C10456,2009-06-23,2009-08-13,4,18.4,73.6
C10456,2009-06-23,2009-08-22,2,66.76,133.52
C10456,2009-06-23,2010-01-14,10,33.86,338.6
C10456,2009-06-23,2010-01-15,8,22.82,182.56
C10456,2009-06-23,2010-01-26,3,40.84,122.52
C10457,2009-08-18,2009-08-21,8,35.01,280.08
C10457,2009-08-18,2009-09-05,11,6.3,69.3
C10457,2009-08-18,2009-09-11,9,55.59,500.31
C10457,2009-08-18,2009-09-14,6,38.0,228.0
C10457,2009-08-18,2009-09-21,3,76.38,229.14
C10457,2009-08-18,2009-10-04,4,54.82,219.28
C10457,2009-08-18,2009-10-07,4,38.41,153.64
C10457,2009-08-18,2009-10-18,2,7.76,15.52
C10457,2009-08-18,2009-10-27,11,39.35,432.85
C10458,2009-01-29,2009-01-14,9,50.45,454.05
C10458,2009-01-29,2009-01-17,9,32.37,291.33
C10458,2009-01-29,2009-01-20,1,16.2,16.2
C10458,2009-01-29,2009-01-22,7,66.33,464.31
C10458,2009-01-29,2009-02-01,6,47.6,285.6
C10458,2009-01-29,2009-02-22,5,15.51,77.55
C10458,2009-01-29,2009-03-07,7,81.02,567.14
C10458,2009-01-29,2009-03-08,10,64.2,642.0
C10458,2009-01-29,2009-03-14,11,16.24,178.64
C10458,2009-01-29,2009-03-19,1,56.24,56.24
C10458,2009-01-29,2009-04-13,4,37.99,151.96
C10458,2009-01-29,2009-04-25,8,56.16,449.28
C10458,2009-01-29,2009-04-26,2,44.27,88.54
C10458,2009-01-29,2009-06-23,4,61.52,246.08
C10458,2009-01-29,2009-07-10,2,66.37,132.74
C10458,2009-01-29,2009-07-14,6,41.3,247.8
C10458,2009-01-29,2009-07-19,1,81.42,81.42
C10458,2009-01-29,2009-07-25,9,66.15,595.35
C10459,2009-07-17,2009-07-23,10,50.73,507.3
C10459,2009-07-17,2009-08-16,7,78.75,551.25
C10459,2009-07-17,2009-09-05,9,78.33,704.97
C10459,2009-07-17,2009-09-06,11,4.6,50.6
C10459,2009-07-17,2009-09-06,5,8.06,40.3
C10460,2009-02-08,2009-02-05,11,79.56,875.16
C10460,2009-02-08,2009-02-15,3,17.94,53.82
C10460,2009-02-08,2009-02-17,10,71.01,710.1
C10460,2009-02-08,2009-02-22,8,37.74,301.92
C10460,2009-02-08,2009-03-11,5,69.89,349.45
C10460,2009-02-08,2009-03-14,6,37.13,222.78
C10461,2009-07-24,2009-07-03,3,36.47,109.41
C10461,2009-07-24,2009-07-14,2,58.76,117.52
C10461,2009-07-24,2009-07-21,5,40.96,204.8
C10461,2009-07-24,2009-10-06,9,53.15,478.35
C10461,2009-07-24,2009-10-26,7,7.25,50.75
C10462,2009-04-25,2009-04-13,10,41.22,412.2
C10462,2009-04-25,2009-05-07,10,62.67,626.7
C10462,2009-04-25,2009-10-11,11,80.77,888.47
C10462,2009-04-25,2009-10-26,11,18.97,208.67
C10463,2009-01-02,2009-01-01,9,42.35,381.15
C10463,2009-01-02,2009-01-02,5,27.07,135.35
C10463,2009-01-02,2009-01-04,2,50.48,100.96
C10463,2009-01-02,2009-01-05,8,81.64,653.12
C10463,2009-01-02,2009-02-16,2,21.68,43.36
C10463,2009-01-02,2009-02-19,9,72.97,656.73
C10463,2009-01-02,2009-02-25,6,43.22,259.32
C10463,2009-01-02,2009-04-26,4,84.16,336.64
C10463,2009-01-02,2009-07-09,7,67.25,470.75
C10463,2009-01-02,2009-07-25,10,59.94,599.4
C10463,2009-01-02,2009-07-27,1,47.47,47.47
C10464,2009-09-21,2009-09-06,9,13.93,125.37
C10464,2009-09-21,2009-09-09,3,21.21,63.63
C10464,2009-09-21,2009-09-14,8,38.89,311.12
C10464,2009-09-21,2009-09-25,6,69.75,418.5
C10464,2009-09-21,2009-10-04,7,66.57,465.99
C10464,2009-09-21,2009-10-08,10,65.02,650.2
C10464,2009-09-21,2009-10-13,7,60.25,421.75
C10464,2009-09-21,2009-10-19,8,41.68,333.44
C10464,2009-09-21,2009-11-18,2,18.26,36.52
C10464,2009-09-21,2009-11-19,9,26.31,236.79
C10464,2009-09-21,2009-11-24,1,16.93,16.93
C10464,2009-09-21,2009-11-26,7,26.48,185.36
C10465,2009-02-15,2009-02-14,1,10.06,10.06
C10465,2009-02-15,2009-03-06,10,74.48,744.8
C10465,2009-02-15,2009-03-15,9,72.41,651.69
C10465,2009-02-15,2009-03-19,6,70.98,425.88
C10465,2009-02-15,2009-03-26,8,46.04,368.32
C10465,2009-02-15,2009-08-07,1,11.23,11.23
C10465,2009-02-15,2009-08-13,5,72.31,361.55
C10465,2009-02-15,2009-08-21,6,52.2,313.2
C10466,2009-06-12,2009-06-01,7,83.4,583.8
C10466,2009-06-12,2009-06-10,8,17.05,136.4
C10466,2009-06-12,2009-06-21,7,55.58,389.06
C10466,2009-06-12,2009-06-22,5,13.81,69.05
C10466,2009-06-12,2009-11-08,8,3.46,27.68
C10466,2009-06-12,2009-11-17,8,44.13,353.04
C10467,2009-02-19,2009-02-01,8,52.78,422.24
C10467,2009-02-19,2009-02-09,9,76.41,687.69
C10467,2009-02-19,2009-02-12,11,84.88,933.68
C10467,2009-02-19,2009-02-20,1,16.07,16.07
C10467,2009-02-19,2009-03-01,4,83.72,334.88
C10467,2009-02-19,2009-03-07,5,34.41,172.05
C10467,2009-02-19,2009-03-20,6,40.47,242.82
C10468,2009-09-12,2009-09-16,1,69.94,69.94
C10468,2009-09-12,2009-09-23,9,44.87,403.83
C10468,2009-09-12,2009-10-12,1,24.01,24.01
C10468,2009-09-12,2009-10-23,9,15.24,137.16
C10468,2009-09-12,2009-12-15,10,42.25,422.5
C10468,2009-09-12,2009-12-23,8,40.68,325.44
C10469,2009-07-21,2009-07-07,7,68.08,476.56
C10469,2009-07-21,2009-07-18,7,37.65,263.55
C10469,2009-07-21,2009-07-22,3,27.09,81.27
C10469,2009-07-21,2009-07-23,1,26.41,26.41
C10469,2009-07-21,2009-08-24,7,14.41,100.87
C10469,2009-07-21,2009-09-13,3,40.59,121.77
C10469,2009-07-21,2009-09-14,9,23.53,211.77
C10469,2009-07-21,2009-09-17,11,84.12,925.32
C10469,2009-07-21,2009-09-24,2,63.76,127.52
C10470,2009-08-08,2009-08-02,2,4.51,9.02
C10470,2009-08-08,2009-09-26,4,45.42,181.68
C10470,2009-08-08,2009-11-06,4,80.03,320.12
C10470,2009-08-08,2009-11-10,7,17.21,120.47
C10470,2009-08-08,2009-11-11,10,10.45,104.5
C10470,2009-08-08,2009-11-22,3,51.34,154.02
C10470,2009-08-08,2009-12-15,6,26.15,156.9
C10470,2009-08-08,2009-12-16,4,21.01,84.04
C10471,2009-04-28,2009-04-02,8,10.42,83.36
C10471,2009-04-28,2009-04-17,1,63.78,63.78
C10471,2009-04-28,2009-06-05,9,55.87,502.83
C10471,2009-04-28,2009-06-10,11,10.66,117.26
C10471,2009-04-28,2009-06-26,2,37.69,75.38
C10472,2009-05-08,2009-05-13,1,27.97,27.97
C10472,2009-05-08,2009-05-26,5,65.11,325.55
C10472,2009-05-08,2009-07-03,11,61.05,671.55
C10472,2009-05-08,2009-08-12,7,22.27,155.89
C10472,2009-05-08,2009-08-26,8,66.36,530.88
C10473,2009-06-23,2009-06-02,9,44.03,396.27
C10473,2009-06-23,2009-06-22,3,36.9,110.7
C10474,2009-08-03,2009-08-04,6,34.45,206.7
C10474,2009-08-03,2009-08-13,9,26.9,242.1
C10474,2009-08-03,2009-09-08,2,59.69,119.38
C10474,2009-08-03,2009-09-15,8,4.76,38.08
C10474,2009-08-03,2009-12-18,9,23.7,213.3
C10475,2009-08-20,2009-08-03,10,73.49,734.9
C10475,2009-08-20,2009-08-10,11,73.13,804.43
C10475,2009-08-20,2009-08-14,3,66.7,200.1
C10475,2009-08-20,2009-08-21,5,21.07,105.35
C10475,2009-08-20,2009-09-01,3,74.22,222.66
C10475,2009-08-20,2009-09-03,6,58.73,352.38
C10475,2009-08-20,2009-09-21,10,33.32,333.2
C10475,2009-08-20,2009-09-21,1,26.21,26.21
C10475,2009-08-20,2009-11-01,11,27.93,307.23
C10475,2009-08-20,2009-11-21,5,10.64,53.2
C10476,2009-01-05,2009-01-10,6,22.36,134.16
C10476,2009-01-05,2009-02-01,11,60.96,670.56
C10476,2009-01-05,2009-02-19,7,69.19,484.33
C10476,2009-01-05,2009-02-26,5,56.53,282.65
C10477,2009-07-01,2009-07-04,8,32.61,260.88
C10477,2009-07-01,2009-07-07,6,56.19,337.14
C10477,2009-07-01,2009-07-22,9,2.09,18.81
C10477,2009-07-01,2009-08-05,5,78.3,391.5
C10477,2009-07-01,2009-08-16,4,31.88,127.52
C10477,2009-07-01,2009-08-25,2,67.47,134.94
C10477,2009-07-01,2009-12-26,5,78.26,391.3
C10477,2009-07-01,2009-12-27,9,53.25,479.25
C10478,2009-01-30,2009-01-13,6,79.79,478.74
C10478,2009-01-30,2009-01-13,4,81.74,326.96
C10478,2009-01-30,2009-01-23,3,33.83,101.49
C10478,2009-01-30,2009-01-26,7,40.38,282.66
C10478,2009-01-30,2009-03-15,9,78.61,707.49
C10479,2009-03-20,2009-03-04,7,52.04,364.28
C10479,2009-03-20,2009-03-19,8,44.6,356.8
C10479,2009-03-20,2009-03-26,5,47.74,238.7
C10479,2009-03-20,2009-03-27,4,46.51,186.04
C10480,2009-08-15,2009-08-12,4,39.44,157.76
C10480,2009-08-15,2009-08-26,3,46.11,138.33
C10480,2009-08-15,2009-09-10,10,14.54,145.4
C10480,2009-08-15,2009-10-09,2,84.91,169.82
C10480,2009-08-15,2009-10-10,8,20.4,163.2
C10480,2009-08-15,2009-11-17,7,17.01,119.07
C10480,2009-08-15,2009-11-25,7,61.35,429.45
C10481,2009-03-10,2009-03-01,6,77.45,464.7
C10481,2009-03-10,2009-03-05,9,5.4,48.6
C10481,2009-03-10,2009-03-20,10,82.39,823.9
C10481,2009-03-10,2009-05-18,1,48.94,48.94
C10481,2009-03-10,2009-05-22,7,30.12,210.84
C10482,2009-08-06,2009-08-12,11,82.1,903.1
C10482,2009-08-06,2009-08-22,9,22.13,199.17
C10482,2009-08-06,2009-08-23,8,37.76,302.08
C10482,2009-08-06,2009-08-27,5,13.32,66.6
C10482,2009-08-06,2009-10-11,7,46.05,322.35
C10482,2009-08-06,2009-10-14,3,23.84,71.52
C10482,2009-08-06,2009-10-23,4,79.75,319.0
C10482,2009-08-06,2009-10-27,2,77.62,155.24
C10483,2009-05-07,2009-05-01,9,25.69,231.21
C10483,2009-05-07,2009-05-13,11,29.25,321.75
C10483,2009-05-07,2009-05-21,10,39.24,392.4
C10483,2009-05-07,2009-05-25,7,68.8,481.6
C10483,2009-05-07,2009-06-04,3,36.76,110.28
C10483,2009-05-07,2009-06-07,8,32.29,258.32
C10483,2009-05-07,2009-06-24,5,63.35,316.75
C10483,2009-05-07,2009-07-03,3,79.68,239.04
C10483,2009-05-07,2009-07-14,1,36.41,36.41
C10483,2009-05-07,2009-09-06,4,37.82,151.28
C10483,2009-05-07,2009-09-08,5,30.65,153.25
C10483,2009-05-07,2009-09-25,4,34.09,136.36
C10483,2009-05-07,2009-11-04,10,29.15,291.5
C10483,2009-05-07,2009-11-17,11,28.16,309.76
C10483,2009-05-07,2009-12-06,2,84.89,169.78
C10483,2009-05-07,2009-12-07,3,58.98,176.94
C10483,2009-05-07,2009-12-15,1,64.5,64.5
C10483,2009-05-07,2009-12-18,8,60.82,486.56
C10484,2009-03-05,2009-03-14,10,50.91,509.1
C10484,2009-03-05,2009-03-19,7,21.7,151.9
C10484,2009-03-05,2009-05-02,11,6.31,69.41
C10484,2009-03-05,2009-05-23,8,15.01,120.08
C10484,2009-03-05,2009-08-05,9,39.36,354.24
C10484,2009-03-05,2009-08-24,8,52.85,422.8
C10484,2009-03-05,2009-08-25,10,16.34,163.4
C10485,2009-04-02,2009-04-11,9,10.86,97.74
C10485,2009-04-02,2009-05-02,5,57.52,287.6
C10485,2009-04-02,2009-05-08,8,43.35,346.8
C10485,2009-04-02,2009-05-12,2,32.13,64.26
C10486,2009-05-25,2009-05-26,6,31.41,188.46
C10486,2009-05-25,2009-06-05,1,67.57,67.57
C10486,2009-05-25,2009-06-26,3,25.46,76.38
C10486,2009-05-25,2009-07-27,4,79.18,316.72
C10487,2009-07-28,2009-07-02,2,29.13,58.26
C10487,2009-07-28,2009-07-03,4,61.52,246.08
C10487,2009-07-28,2009-07-03,1,13.79,13.79
C10487,2009-07-28,2009-07-14,10,41.76,417.6
C10487,2009-07-28,2009-09-02,3,59.33,177.99
C10487,2009-07-28,2009-09-03,8,14.14,113.12
C10487,2009-07-28,2009-09-04,4,64.33,257.32
C10487,2009-07-28,2009-10-01,1,77.19,77.19
C10487,2009-07-28,2009-12-06,4,79.31,317.24
C10487,2009-07-28,2009-12-08,9,61.72,555.48
C10487,2009-07-28,2010-03-01,10,62.4,624.0
C10487,2009-07-28,2010-03-12,9,7.96,71.64
C10488,2009-06-15,2009-06-14,10,78.43,784.3
C10488,2009-06-15,2009-06-19,10,20.86,208.6
C10488,2009-06-15,2009-06-22,10,50.18,501.8
C10488,2009-06-15,2009-06-26,4,37.31,149.24
C10488,2009-06-15,2009-07-07,11,43.64,480.04
C10488,2009-06-15,2009-07-14,7,73.76,516.32
C10488,2009-06-15,2009-07-15,1,35.0,35.0
C10488,2009-06-15,2009-08-10,1,11.74,11.74
C10488,2009-06-15,2009-08-12,9,51.15,460.35
C10488,2009-06-15,2009-08-18,4,52.7,210.8
C10488,2009-06-15,2009-09-06,2,57.46,114.92
C10488,2009-06-15,2009-09-07,2,15.74,31.48
C10488,2009-06-15,2009-09-07,2,63.04,126.08
C10488,2009-06-15,2009-10-04,5,44.2,221.0
C10488,2009-06-15,2009-10-05,11,69.39,763.29
C10488,2009-06-15,2009-11-07,7,66.23,463.61
C10488,2009-06-15,2009-11-09,2,9.6,19.2
C10488,2009-06-15,2009-11-20,4,8.62,34.48
C10489,2009-09-12,2009-09-15,10,32.83,328.3
C10489,2009-09-12,2009-09-21,5,8.36,41.8
C10489,2009-09-12,2009-10-03,4,61.56,246.24
C10489,2009-09-12,2009-10-04,2,22.61,45.22
C10489,2009-09-12,2009-10-06,8,64.01,512.08
C10489,2009-09-12,2009-11-02,6,51.12,306.72
C10489,2009-09-12,2009-11-27,7,70.54,493.78
C10490,2009-08-25,2009-08-10,8,70.2,561.6
C10490,2009-08-25,2009-08-18,2,67.79,135.58
C10490,2009-08-25,2009-08-24,1,43.55,43.55
C10490,2009-08-25,2009-09-07,10,22.77,227.7
C10490,2009-08-25,2009-09-14,11,40.39,444.29
C10490,2009-08-25,2009-09-15,1,21.93,21.93
C10490,2009-08-25,2009-09-22,9,41.36,372.24
C10490,2009-08-25,2009-10-21,3,31.36,94.08
C10491,2009-07-25,2009-07-02,4,48.58,194.32
C10491,2009-07-25,2009-07-04,8,6.12,48.96
C10491,2009-07-25,2009-07-19,5,28.48,142.4
C10491,2009-07-25,2009-08-05,11,18.91,208.01
C10491,2009-07-25,2009-09-03,6,8.4,50.4
C10491,2009-07-25,2009-09-04,3,27.43,82.29
C10491,2009-07-25,2009-09-10,9,12.51,112.59
C10491,2009-07-25,2009-09-12,9,52.16,469.44
C10492,2009-06-14,2009-06-04,3,71.29,213.87
C10492,2009-06-14,2009-06-08,4,15.57,62.28
C10492,2009-06-14,2009-06-22,11,38.03,418.33
C10492,2009-06-14,2009-07-14,6,62.53,375.18
C10492,2009-06-14,2009-07-18,5,81.61,408.05
C10492,2009-06-14,2009-07-23,8,62.98,503.84
C10492,2009-06-14,2009-07-24,4,43.51,174.04
C10492,2009-06-14,2010-01-02,7,48.55,339.85
C10492,2009-06-14,2010-01-05,3,35.51,106.53
C10492,2009-06-14,2010-01-12,2,10.7,21.4
C10492,2009-06-14,2010-01-26,3,30.94,92.82
C10492,2009-06-14,2010-02-19,9,31.17,280.53
C10493,2009-03-21,2009-03-14,10,14.4,144.0
C10493,2009-03-21,2009-04-19,6,70.89,425.34
C10494,2009-04-23,2009-04-05,2,4.94,9.88
C10494,2009-04-23,2009-05-13,6,20.06,120.36
C10494,2009-04-23,2009-05-14,6,17.04,102.24
C10494,2009-04-23,2009-05-17,1,18.24,18.24
C10494,2009-04-23,2009-09-03,1,36.73,36.73
C10494,2009-04-23,2009-09-16,5,82.26,411.3
C10495,2009-02-02,2009-02-04,1,15.07,15.07
C10495,2009-02-02,2009-02-13,10,78.59,785.9
C10495,2009-02-02,2009-03-04,4,54.09,216.36
C10495,2009-02-02,2009-03-22,2,70.5,141.0
C10495,2009-02-02,2009-03-27,6,75.26,451.56
C10496,2009-04-13,2009-04-22,6,69.47,416.82
C10496,2009-04-13,2009-05-08,11,7.2,79.2
C10496,2009-04-13,2009-05-20,5,12.69,63.45
C10496,2009-04-13,2009-05-23,1,76.55,76.55
C10496,2009-04-13,2009-06-17,1,55.85,55.85
C10496,2009-04-13,2009-07-09,4,22.89,91.56
C10496,2009-04-13,2009-07-13,6,46.28,277.68
C10497,2009-09-10,2009-09-05,9,39.71,357.39
C10497,2009-09-10,2009-09-10,9,37.52,337.68
C10497,2009-09-10,2009-09-20,8,26.25,210.0
C10498,2009-04-27,2009-04-13,2,83.17,166.34
C10498,2009-04-27,2009-04-21,2,16.33,32.66
C10498,2009-04-27,2009-04-26,9,49.54,445.86
C10498,2009-04-27,2009-06-11,1,14.88,14.88
C10498,2009-04-27,2009-06-19,7,44.57,311.99
C10498,2009-04-27,2009-07-02,10,48.1,481.0
C10499,2009-02-01,2009-02-03,11,8.41,92.51
C10499,2009-02-01,2009-02-04,4,71.29,285.16
C10499,2009-02-01,2009-02-23,5,61.9,309.5
C10499,2009-02-01,2009-02-26,11,56.03,616.33
C10499,2009-02-01,2009-03-07,1,75.58,75.58
C10499,2009-02-01,2009-03-14,8,72.36,578.88
C10499,2009-02-01,2009-03-17,2,4.91,9.82
C10500,2009-06-27,2009-06-08,5,4.13,20.65
C10500,2009-06-27,2009-06-08,5,23.24,116.2
C10500,2009-06-27,2009-06-09,7,6.2,43.4
C10500,2009-06-27,2009-06-23,4,24.73,98.92
C10500,2009-06-27,2009-12-02,10,2.44,24.4
C10500,2009-06-27,2009-12-03,6,37.19,223.14
C10500,2009-06-27,2009-12-17,9,3.77,33.93
C10500,2009-06-27,2009-12-23,3,6.42,19.26
C10501,2009-09-20,2009-09-10,4,35.12,140.48
C10501,2009-09-20,2009-09-20,9,69.72,627.48
C10501,2009-09-20,2009-09-24,1,37.88,37.88
C10501,2009-09-20,2009-10-07,1,4.03,4.03
C10501,2009-09-20,2009-10-19,9,72.18,649.62
C10501,2009-09-20,2009-10-21,2,73.14,146.28
C10501,2009-09-20,2009-10-22,1,8.78,8.78
C10501,2009-09-20,2010-01-07,10,4.22,42.2
C10501,2009-09-20,2010-01-08,1,74.26,74.26
C10501,2009-09-20,2010-01-19,8,45.1,360.8
C10501,2009-09-20,2010-01-26,6,63.14,378.84
C10502,2009-08-25,2009-08-27,2,59.68,119.36
C10502,2009-08-25,2009-09-01,6,46.27,277.62
C10502,2009-08-25,2009-09-11,8,41.03,328.24
C10502,2009-08-25,2009-09-15,9,75.51,679.59
C10502,2009-08-25,2009-09-27,5,45.06,225.3
C10502,2009-08-25,2009-10-09,6,2.3,13.8
C10502,2009-08-25,2009-10-23,3,84.8,254.4
C10502,2009-08-25,2009-10-25,10,27.39,273.9
C10503,2009-03-16,2009-03-04,11,31.32,344.52
C10503,2009-03-16,2009-05-03,5,6.56,32.8
C10503,2009-03-16,2009-05-12,3,49.29,147.87
C10503,2009-03-16,2009-07-20,6,49.95,299.7
C10503,2009-03-16,2009-07-22,3,65.99,197.97
C10503,2009-03-16,2009-07-25,1,8.29,8.29
C10503,2009-03-16,2009-08-02,2,22.07,44.14
C10503,2009-03-16,2009-08-06,1,62.36,62.36
C10503,2009-03-16,2009-08-15,6,15.63,93.78
C10504,2009-05-04,2009-05-02,8,32.15,257.2
C10504,2009-05-04,2009-05-19,8,24.94,199.52
C10504,2009-05-04,2009-05-23,8,37.51,300.08
C10504,2009-05-04,2009-05-23,9,50.91,458.19
C10504,2009-05-04,2009-07-01,10,49.84,498.4
C10504,2009-05-04,2009-07-25,2,60.39,120.78
C10504,2009-05-04,2009-09-20,4,47.14,188.56
C10504,2009-05-04,2009-09-26,4,51.22,204.88
C10505,2009-05-25,2009-05-05,5,51.23,256.15
C10505,2009-05-25,2009-05-06,10,84.45,844.5
C10505,2009-05-25,2009-05-20,6,62.86,377.16
C10505,2009-05-25,2009-05-20,4,76.86,307.44
C10505,2009-05-25,2009-07-06,7,43.07,301.49
C10505,2009-05-25,2009-07-10,10,57.14,571.4
C10505,2009-05-25,2009-07-15,11,29.66,326.26
C10506,2009-03-09,2009-03-07,3,76.79,230.37
C10506,2009-03-09,2009-03-16,3,11.35,34.05
C10506,2009-03-09,2009-03-21,8,36.59,292.72
C10506,2009-03-09,2009-03-22,3,37.09,111.27
C10506,2009-03-09,2009-04-03,11,23.78,261.58
C10506,2009-03-09,2009-04-04,11,17.79,195.69
C10506,2009-03-09,2009-04-11,4,61.25,245.0
C10506,2009-03-09,2009-04-13,9,72.45,652.05
C10506,2009-03-09,2009-05-06,3,66.54,199.62
C10506,2009-03-09,2009-05-10,8,34.63,277.04
C10506,2009-03-09,2009-05-18,1,45.39,45.39
C10506,2009-03-09,2009-05-22,2,2.31,4.62
C10506,2009-03-09,2009-07-04,7,67.31,471.17
C10506,2009-03-09,2009-07-07,6,43.13,258.78
C10506,2009-03-09,2009-07-10,4,25.8,103.2
C10506,2009-03-09,2009-07-10,11,70.25,772.75
C10507,2009-03-15,2009-03-01,6,20.96,125.76
C10507,2009-03-15,2009-03-11,8,58.26,466.08
C10507,2009-03-15,2009-03-21,2,42.42,84.84
C10507,2009-03-15,2009-04-21,5,77.7,388.5
C10507,2009-03-15,2009-07-03,5,52.53,262.65
C10507,2009-03-15,2009-07-04,7,17.06,119.42
C10507,2009-03-15,2009-07-10,7,31.02,217.14
C10508,2009-03-06,2009-03-12,11,48.73,536.03
C10508,2009-03-06,2009-03-23,7,45.77,320.39
C10508,2009-03-06,2009-04-06,7,29.77,208.39
C10508,2009-03-06,2009-04-11,11,66.08,726.88
C10508,2009-03-06,2009-04-14,8,14.09,112.72
C10508,2009-03-06,2009-05-09,10,61.86,618.6
C10509,2009-09-29,2009-09-09,6,57.57,345.42
C10509,2009-09-29,2009-09-13,5,54.96,274.8
C10509,2009-09-29,2009-10-01,5,80.47,402.35
C10509,2009-09-29,2009-10-21,6,19.9,119.4
C10510,2009-07-23,2009-07-09,7,56.46,395.22
C10510,2009-07-23,2009-07-27,3,24.3,72.9
C10510,2009-07-23,2009-08-21,2,23.83,47.66
C10510,2009-07-23,2009-09-15,10,62.76,627.6
C10511,2009-08-18,2009-08-04,9,45.19,406.71
C10511,2009-08-18,2009-09-03,7,6.51,45.57
C10511,2009-08-18,2009-09-10,6,56.09,336.54
C10511,2009-08-18,2009-10-09,2,83.62,167.24
C10511,2009-08-18,2009-10-10,9,74.19,667.71
C10511,2009-08-18,2009-10-23,9,61.67,555.03
C10511,2009-08-18,2009-11-01,7,51.18,358.26
C10511,2009-08-18,2009-11-07,4,5.9,23.6
C10511,2009-08-18,2009-11-21,1,39.65,39.65
C10512,2009-08-11,2009-08-11,7,71.43,500.01
C10512,2009-08-11,2009-08-24,10,82.04,820.4
C10513,2009-09-19,2009-09-06,8,50.09,400.72
C10513,2009-09-19,2009-10-05,7,73.37,513.59
C10513,2009-09-19,2009-10-08,3,25.99,77.97
C10513,2009-09-19,2009-10-25,2,27.73,55.46
C10513,2009-09-19,2009-10-27,5,36.29,181.45
C10513,2009-09-19,2009-11-08,4,50.24,200.96
C10513,2009-09-19,2009-11-11,11,30.76,338.36
C10513,2009-09-19,2009-11-12,8,57.7,461.6
C10513,2009-09-19,2009-11-20,7,49.08,343.56
C10514,2009-01-29,2009-01-01,9,44.07,396.63
C10514,2009-01-29,2009-01-05,2,7.67,15.34
C10514,2009-01-29,2009-01-16,8,20.49,163.92
C10514,2009-01-29,2009-01-26,5,64.63,323.15
C10514,2009-01-29,2009-02-16,1,2.13,2.13
C10514,2009-01-29,2009-02-24,8,20.79,166.32
C10514,2009-01-29,2009-03-10,1,5.72,5.72
C10514,2009-01-29,2009-03-15,1,55.01,55.01
C10514,2009-01-29,2009-03-26,1,49.96,49.96
C10515,2009-08-29,2009-08-01,7,28.76,201.32
C10515,2009-08-29,2009-08-03,9,17.63,158.67
C10515,2009-08-29,2009-08-13,8,53.92,431.36
C10515,2009-08-29,2009-10-19,11,42.62,468.82
C10516,2009-01-19,2009-01-14,9,35.98,323.82
C10516,2009-01-19,2009-01-19,2,26.07,52.14
C10516,2009-01-19,2009-01-23,8,63.43,507.44
C10517,2009-05-10,2009-05-14,3,21.69,65.07
C10517,2009-05-10,2009-05-23,6,40.72,244.32
C10517,2009-05-10,2009-05-26,1,62.12,62.12
C10517,2009-05-10,2009-05-27,10,84.83,848.3
C10517,2009-05-10,2009-06-02,4,67.11,268.44
C10517,2009-05-10,2009-06-11,8,59.73,477.84
C10517,2009-05-10,2009-06-26,5,67.34,336.7
C10517,2009-05-10,2009-07-03,11,50.16,551.76
C10517,2009-05-10,2009-07-05,7,12.52,87.64
C10517,2009-05-10,2009-07-06,1,24.16,24.16
C10517,2009-05-10,2009-07-13,8,22.47,179.76
C10518,2009-06-12,2009-06-21,1,77.82,77.82
C10518,2009-06-12,2009-06-25,11,54.7,601.7
C10519,2009-04-08,2009-04-05,10,22.87,228.7
C10519,2009-04-08,2009-04-14,3,6.83,20.49
C10519,2009-04-08,2009-05-20,10,21.84,218.4
C10519,2009-04-08,2009-06-07,5,53.22,266.1
C10519,2009-04-08,2009-06-15,9,81.0,729.0
C10519,2009-04-08,2009-06-15,11,71.5,786.5
C10519,2009-04-08,2009-06-27,10,32.38,323.8
C10520,2009-02-09,2009-02-05,1,6.03,6.03
C10520,2009-02-09,2009-02-07,7,59.15,414.05
C10520,2009-02-09,2009-02-11,1,44.4,44.4
C10520,2009-02-09,2009-02-14,5,67.77,338.85
C10521,2009-02-22,2009-02-16,7,28.09,196.63
C10521,2009-02-22,2009-02-26,10,83.15,831.5
C10521,2009-02-22,2009-03-06,9,2.96,26.64
C10521,2009-02-22,2009-03-07,6,14.73,88.38
C10521,2009-02-22,2009-06-05,4,23.23,92.92
C10521,2009-02-22,2009-06-10,10,81.01,810.1
C10521,2009-02-22,2009-06-11,6,37.13,222.78
C10522,2009-08-14,2009-08-06,7,69.47,486.29
C10522,2009-08-14,2009-09-17,4,72.66,290.64
C10522,2009-08-14,2009-11-10,11,69.76,767.36
C10522,2009-08-14,2009-11-15,9,57.41,516.69
C10522,2009-08-14,2009-11-18,9,60.0,540.0
C10522,2009-08-14,2009-11-23,11,38.65,425.15
C10523,2009-03-29,2009-03-11,6,61.45,368.7
C10523,2009-03-29,2009-03-17,6,75.63,453.78
C10523,2009-03-29,2009-03-21,1,67.45,67.45
C10523,2009-03-29,2009-03-23,4,13.62,54.48
C10524,2009-03-26,2009-03-06,6,39.76,238.56
C10524,2009-03-26,2009-03-09,3,54.41,163.23
C10524,2009-03-26,2009-03-11,3,22.41,67.23
C10524,2009-03-26,2009-04-03,3,56.78,170.34
C10524,2009-03-26,2009-04-12,7,38.37,268.59
C10524,2009-03-26,2009-04-15,9,38.78,349.02
C10524,2009-03-26,2009-04-24,4,84.35,337.4
C10524,2009-03-26,2009-06-01,9,22.41,201.69
C10524,2009-03-26,2009-06-02,6,16.77,100.62
C10524,2009-03-26,2009-06-06,9,19.24,173.16
C10524,2009-03-26,2009-06-14,3,11.07,33.21
C10525,2009-09-10,2009-09-03,2,40.91,81.82
C10525,2009-09-10,2009-09-07,8,28.67,229.36
C10525,2009-09-10,2009-09-26,1,21.95,21.95
C10525,2009-09-10,2009-10-18,10,44.92,449.2
C10525,2009-09-10,2009-11-06,7,10.99,76.93
C10525,2009-09-10,2009-11-09,6,79.86,479.16
C10525,2009-09-10,2009-11-13,1,16.83,16.83
C10526,2009-02-09,2009-02-11,9,6.95,62.55
C10526,2009-02-09,2009-03-17,7,8.23,57.61
C10526,2009-02-09,2009-03-23,5,45.0,225.0
C10526,2009-02-09,2009-05-11,10,65.39,653.9
C10526,2009-02-09,2009-05-12,3,21.58,64.74
C10527,2009-09-07,2009-09-02,7,34.46,241.22
C10527,2009-09-07,2009-09-02,5,84.91,424.55
C10527,2009-09-07,2009-09-26,3,76.17,228.51
C10527,2009-09-07,2009-12-27,4,39.31,157.24
C10527,2009-09-07,2010-02-13,11,18.16,199.76
C10527,2009-09-07,2010-02-17,3,30.61,91.83
C10527,2009-09-07,2010-02-18,6,77.06,462.36
C10528,2009-09-09,2009-09-10,4,74.03,296.12
C10528,2009-09-09,2009-09-12,9,14.74,132.66
C10528,2009-09-09,2009-09-13,6,46.14,276.84
C10528,2009-09-09,2009-12-04,5,33.75,168.75
C10528,2009-09-09,2009-12-22,7,6.42,44.94
C10528,2009-09-09,2009-12-25,7,60.26,421.82
C10529,2009-06-13,2009-06-06,1,38.43,38.43
C10529,2009-06-13,2009-06-06,4,77.42,309.68
C10529,2009-06-13,2009-06-26,11,48.3,531.3
C10529,2009-06-13,2009-07-04,3,67.92,203.76
C10529,2009-06-13,2009-07-14,1,63.2,63.2
C10529,2009-06-13,2009-08-06,5,15.97,79.85
C10529,2009-06-13,2009-08-19,11,9.14,100.54
C10529,2009-06-13,2009-08-26,8,60.54,484.32
C10529,2009-06-13,2009-09-02,11,37.68,414.48
C10529,2009-06-13,2009-09-10,10,48.2,482.0
C10529,2009-06-13,2009-09-27,4,12.48,49.92
C10530,2009-02-15,2009-02-04,7,14.66,102.62
C10530,2009-02-15,2009-02-06,4,58.32,233.28
C10530,2009-02-15,2009-02-14,10,74.77,747.7
C10530,2009-02-15,2009-02-24,10,65.65,656.5
C10530,2009-02-15,2009-03-08,4,34.39,137.56
C10530,2009-02-15,2009-03-14,7,34.54,241.78
C10530,2009-02-15,2009-03-17,2,21.76,43.52
C10530,2009-02-15,2009-04-13,7,14.13,98.91
C10530,2009-02-15,2009-04-18,2,73.84,147.68
C10531,2009-02-12,2009-02-17,11,59.93,659.23
C10531,2009-02-12,2009-03-08,4,3.44,13.76
C10531,2009-02-12,2009-03-19,9,15.87,142.83
C10531,2009-02-12,2009-03-22,6,37.64,225.84
C10531,2009-02-12,2009-05-11,4,7.94,31.76
C10532,2009-03-19,2009-03-04,8,8.9,71.2
C10532,2009-03-19,2009-03-05,10,26.88,268.8
C10532,2009-03-19,2009-03-20,11,84.81,932.91
C10532,2009-03-19,2009-06-09,1,74.23,74.23
C10532,2009-03-19,2009-06-22,2,41.87,83.74
C10533,2009-06-07,2009-06-01,10,65.48,654.8
C10533,2009-06-07,2009-06-12,5,55.28,276.4
C10533,2009-06-07,2009-06-25,10,14.6,146.0
C10533,2009-06-07,2009-07-02,2,66.1,132.2
C10533,2009-06-07,2009-07-06,7,76.5,535.5
C10533,2009-06-07,2009-07-12,10,46.98,469.8
C10533,2009-06-07,2009-11-08,10,61.37,613.7
C10533,2009-06-07,2009-12-27,1,54.17,54.17
C10534,2009-02-11,2009-02-07,1,8.73,8.73
C10534,2009-02-11,2009-03-08,2,71.9,143.8
C10534,2009-02-11,2009-03-08,3,29.6,88.8
C10534,2009-02-11,2009-03-15,1,48.06,48.06
C10534,2009-02-11,2009-03-27,7,52.84,369.88
C10534,2009-02-11,2009-04-01,7,53.76,376.32
C10534,2009-02-11,2009-04-02,10,29.6,296.0
C10534,2009-02-11,2009-04-03,9,79.22,712.98
C10534,2009-02-11,2009-04-15,5,27.24,136.2
C10534,2009-02-11,2009-06-04,6,13.32,79.92
C10534,2009-02-11,2009-06-05,2,11.62,23.24
C10534,2009-02-11,2009-07-08,2,14.13,28.26
C10534,2009-02-11,2009-07-19,3,46.56,139.68
C10534,2009-02-11,2009-07-20,5,22.67,113.35
C10535,2009-05-05,2009-05-17,3,54.57,163.71
C10535,2009-05-05,2009-05-21,4,77.33,309.32
C10535,2009-05-05,2009-06-01,4,29.53,118.12
C10535,2009-05-05,2009-06-11,2,68.12,136.24
C10535,2009-05-05,2009-06-13,1,58.0,58.0
C10535,2009-05-05,2009-09-10,9,61.87,556.83
C10535,2009-05-05,2009-09-12,6,83.8,502.8
C10535,2009-05-05,2009-09-14,1,7.51,7.51
C10535,2009-05-05,2009-09-19,4,60.88,243.52
C10535,2009-05-05,2009-11-18,7,43.52,304.64
C10535,2009-05-05,2009-11-19,11,16.29,179.19
C10535,2009-05-05,2009-11-20,6,74.69,448.14
C10535,2009-05-05,2009-12-25,9,58.69,528.21
C10535,2009-05-05,2009-12-25,8,82.49,659.92
C10536,2009-02-01,2009-02-15,3,44.59,133.77
C10537,2009-05-28,2009-05-01,5,60.43,302.15
C10537,2009-05-28,2009-05-03,10,65.1,651.0
C10537,2009-05-28,2009-05-04,11,6.34,69.74
C10537,2009-05-28,2009-06-11,8,10.55,84.4
C10537,2009-05-28,2009-06-17,6,18.78,112.68
C10537,2009-05-28,2009-06-19,5,40.91,204.55
C10537,2009-05-28,2009-06-22,4,65.36,261.44
C10537,2009-05-28,2009-08-02,1,74.15,74.15
C10537,2009-05-28,2009-08-04,6,25.1,150.6
C10537,2009-05-28,2009-09-10,9,38.97,350.73
C10538,2009-01-06,2009-01-15,10,5.36,53.6
C10538,2009-01-06,2009-01-18,10,81.38,813.8
C10538,2009-01-06,2009-02-03,11,30.16,331.76
C10538,2009-01-06,2009-02-08,7,65.98,461.86
C10538,2009-01-06,2009-02-11,8,61.46,491.68
C10538,2009-01-06,2009-02-17,7,18.76,131.32
C10538,2009-01-06,2009-03-06,6,39.7,238.2
C10538,2009-01-06,2009-03-17,2,65.42,130.84
C10538,2009-01-06,2009-03-18,6,5.34,32.04
C10538,2009-01-06,2009-03-27,5,14.04,70.2
C10539,2009-07-13,2009-07-01,10,56.41,564.1
C10539,2009-07-13,2009-08-14,1,58.0,58.0
C10539,2009-07-13,2009-08-25,10,17.63,176.3
C10539,2009-07-13,2009-09-02,6,73.27,439.62
C10539,2009-07-13,2009-09-05,10,46.25,462.5
C10540,2009-01-16,2009-01-07,8,55.09,440.72
C10540,2009-01-16,2009-01-10,10,16.99,169.9
C10540,2009-01-16,2009-01-11,3,13.94,41.82
C10540,2009-01-16,2009-01-16,6,48.57,291.42
C10540,2009-01-16,2009-03-03,1,42.62,42.62
C10540,2009-01-16,2009-03-04,2,44.76,89.52
C10541,2009-02-23,2009-02-12,5,78.51,392.55
C10541,2009-02-23,2009-02-13,10,10.45,104.5
C10541,2009-02-23,2009-02-24,6,14.69,88.14
C10541,2009-02-23,2009-02-26,7,68.41,478.87
C10541,2009-02-23,2009-03-20,10,43.77,437.7
C10541,2009-02-23,2009-06-12,6,21.78,130.68
C10541,2009-02-23,2009-06-25,3,46.1,138.3
C10541,2009-02-23,2009-06-26,11,84.52,929.72
C10541,2009-02-23,2009-07-22,7,84.13,588.91
C10542,2009-02-17,2009-02-05,8,17.75,142.0
C10542,2009-02-17,2009-02-06,3,21.49,64.47
C10542,2009-02-17,2009-02-15,3,17.87,53.61
C10542,2009-02-17,2009-02-25,8,3.01,24.08
C10542,2009-02-17,2009-03-15,10,66.74,667.4
C10542,2009-02-17,2009-04-22,1,66.37,66.37
C10542,2009-02-17,2009-05-09,7,33.67,235.69
C10542,2009-02-17,2009-05-10,3,50.61,151.83
C10543,2009-08-15,2009-08-02,3,20.55,61.65
C10543,2009-08-15,2009-08-11,6,9.78,58.68
C10544,2009-01-15,2009-01-09,8,34.9,279.2
C10544,2009-01-15,2009-01-19,11,62.29,685.19
C10544,2009-01-15,2009-02-06,11,51.11,562.21
C10544,2009-01-15,2009-02-18,9,66.83,601.47
C10544,2009-01-15,2009-02-19,9,80.77,726.93
C10544,2009-01-15,2009-02-25,1,82.17,82.17
C10544,2009-01-15,2009-04-24,8,16.81,134.48
C10544,2009-01-15,2009-04-25,4,26.69,106.76
C10544,2009-01-15,2009-04-27,6,2.9,17.4
C10544,2009-01-15,2009-05-01,10,75.81,758.1
C10544,2009-01-15,2009-05-08,2,82.86,165.72
C10544,2009-01-15,2009-05-18,4,39.23,156.92
C10544,2009-01-15,2009-05-27,1,72.81,72.81
C10544,2009-01-15,2009-08-22,1,47.2,47.2
C10545,2009-04-28,2009-04-05,6,69.24,415.44
C10545,2009-04-28,2009-04-07,10,57.36,573.6
C10545,2009-04-28,2009-04-18,9,41.88,376.92
C10545,2009-04-28,2009-04-23,4,37.85,151.4
C10545,2009-04-28,2009-05-12,4,71.42,285.68
C10545,2009-04-28,2009-05-14,8,60.66,485.28
C10545,2009-04-28,2009-05-20,6,74.71,448.26
C10545,2009-04-28,2009-06-04,7,66.63,466.41
C10545,2009-04-28,2009-06-11,4,13.04,52.16
C10545,2009-04-28,2009-06-22,2,31.27,62.54
C10545,2009-04-28,2009-06-22,10,8.57,85.7
C10545,2009-04-28,2009-07-08,2,22.52,45.04
C10545,2009-04-28,2009-07-15,3,19.94,59.82
C10545,2009-04-28,2009-07-21,3,62.84,188.52
C10545,2009-04-28,2009-07-22,1,51.54,51.54
C10546,2009-06-11,2009-06-13,11,8.99,98.89
C10546,2009-06-11,2009-06-18,9,50.5,454.5
C10546,2009-06-11,2009-06-22,10,16.96,169.6
C10546,2009-06-11,2009-06-27,4,73.39,293.56
C10546,2009-06-11,2009-07-14,1,23.37,23.37
C10546,2009-06-11,2009-07-17,6,70.17,421.02
C10546,2009-06-11,2009-07-24,10,19.88,198.8
C10547,2009-05-21,2009-05-06,11,8.67,95.37
C10547,2009-05-21,2009-05-07,2,5.87,11.74
C10547,2009-05-21,2009-05-20,2,75.53,151.06
C10548,2009-07-05,2009-07-14,3,60.29,180.87
C10548,2009-07-05,2009-07-14,6,64.04,384.24
C10548,2009-07-05,2009-07-26,1,19.08,19.08
C10548,2009-07-05,2009-08-09,6,18.82,112.92
C10548,2009-07-05,2009-09-24,7,79.91,559.37
C10548,2009-07-05,2009-10-05,5,56.44,282.2
C10548,2009-07-05,2009-10-18,1,61.24,61.24
C10548,2009-07-05,2009-11-24,2,48.39,96.78
C10549,2009-08-08,2009-08-08,3,57.13,171.39
C10549,2009-08-08,2009-08-24,3,47.85,143.55
C10549,2009-08-08,2009-08-26,3,46.99,140.97
C10549,2009-08-08,2009-09-12,9,72.38,651.42
C10549,2009-08-08,2009-09-14,7,37.81,264.67
C10549,2009-08-08,2009-10-03,8,46.33,370.64
C10549,2009-08-08,2009-10-11,1,54.17,54.17
C10550,2009-04-18,2009-04-19,7,23.25,162.75
C10550,2009-04-18,2009-04-25,1,27.06,27.06
C10550,2009-04-18,2009-05-10,10,80.03,800.3
C10550,2009-04-18,2009-05-21,8,18.23,145.84
C10550,2009-04-18,2009-06-22,4,84.17,336.68
C10550,2009-04-18,2009-06-27,6,58.38,350.28
C10551,2009-08-15,2009-08-11,8,83.28,666.24
C10551,2009-08-15,2009-08-12,4,40.92,163.68
C10551,2009-08-15,2009-09-07,2,52.09,104.18
C10551,2009-08-15,2009-09-09,9,54.83,493.47
C10551,2009-08-15,2009-10-02,5,43.85,219.25
C10551,2009-08-15,2009-10-13,9,55.14,496.26
C10552,2009-03-28,2009-03-04,11,15.04,165.44
C10552,2009-03-28,2009-03-09,9,77.7,699.3
C10552,2009-03-28,2009-03-16,8,34.59,276.72
C10552,2009-03-28,2009-03-22,11,37.06,407.66
C10552,2009-03-28,2009-04-09,6,18.22,109.32
C10552,2009-03-28,2009-04-18,2,72.39,144.78
C10552,2009-03-28,2009-04-19,11,60.33,663.63
C10552,2009-03-28,2009-04-21,7,77.12,539.84
C10552,2009-03-28,2009-05-26,9,48.24,434.16
C10553,2009-09-26,2009-09-16,4,50.46,201.84
C10553,2009-09-26,2009-09-26,5,24.72,123.6
C10553,2009-09-26,2009-10-04,9,29.79,268.11
C10553,2009-09-26,2009-10-18,9,81.07,729.63
C10553,2009-09-26,2009-10-24,5,10.08,50.4
C10553,2009-09-26,2009-12-15,8,44.86,358.88
C10553,2009-09-26,2009-12-16,7,25.37,177.59
C10553,2009-09-26,2009-12-22,8,42.65,341.2
C10553,2009-09-26,2010-03-19,4,17.96,71.84
C10553,2009-09-26,2010-03-27,5,13.08,65.4
C10554,2009-05-18,2009-05-08,2,62.61,125.22
C10554,2009-05-18,2009-05-18,2,41.19,82.38
C10554,2009-05-18,2009-07-06,11,29.0,319.0
C10555,2009-07-20,2009-07-06,8,7.63,61.04
C10555,2009-07-20,2009-09-10,10,24.74,247.4
C10555,2009-07-20,2009-09-14,11,13.71,150.81
C10555,2009-07-20,2009-12-03,1,21.35,21.35
C10555,2009-07-20,2009-12-18,6,83.29,499.74
C10556,2009-08-27,2009-08-01,4,14.1,56.4
C10556,2009-08-27,2009-08-04,6,63.81,382.86
C10556,2009-08-27,2009-08-26,2,11.9,23.8
C10556,2009-08-27,2009-10-14,3,64.37,193.11
C10556,2009-08-27,2009-10-16,3,26.18,78.54
C10556,2009-08-27,2009-10-19,10,46.81,468.1
C10556,2009-08-27,2009-10-26,8,68.97,551.76
C10557,2009-08-05,2009-08-06,10,21.6,216.0
C10557,2009-08-05,2009-08-12,8,33.72,269.76
C10557,2009-08-05,2009-08-12,2,30.65,61.3
C10557,2009-08-05,2009-08-13,8,59.9,479.2
C10557,2009-08-05,2009-09-18,6,56.49,338.94
C10557,2009-08-05,2009-11-22,3,45.3,135.9
C10558,2009-08-21,2009-08-03,9,10.0,90.0
C10558,2009-08-21,2009-08-04,2,38.19,76.38
C10558,2009-08-21,2009-08-08,3,4.09,12.27
C10558,2009-08-21,2009-08-27,11,74.29,817.19
C10558,2009-08-21,2009-11-02,9,84.52,760.68
C10558,2009-08-21,2009-11-11,3,73.4,220.2
C10558,2009-08-21,2009-11-18,4,80.43,321.72
C10559,2009-05-27,2009-05-06,10,8.55,85.5
C10559,2009-05-27,2009-05-20,9,16.17,145.53
C10559,2009-05-27,2009-05-24,2,50.22,100.44
C10559,2009-05-27,2009-07-07,11,12.86,141.46
C10559,2009-05-27,2009-07-14,11,68.23,750.53
C10559,2009-05-27,2009-07-16,7,14.29,100.03
C10559,2009-05-27,2009-07-21,5,30.21,151.05
C10559,2009-05-27,2009-08-09,6,35.65,213.9
C10559,2009-05-27,2009-08-11,5,48.86,244.3
C10559,2009-05-27,2009-08-12,10,12.64,126.4
C10559,2009-05-27,2009-08-23,9,61.71,555.39
C10559,2009-05-27,2009-09-11,2,47.66,95.32
C10559,2009-05-27,2009-09-18,4,52.04,208.16
C10560,2009-01-12,2009-01-19,3,40.93,122.79
C10560,2009-01-12,2009-02-24,4,3.29,13.16
C10560,2009-01-12,2009-05-16,11,29.88,328.68
C10560,2009-01-12,2009-05-20,8,43.88,351.04
C10561,2009-05-15,2009-05-01,3,56.27,168.81
C10561,2009-05-15,2009-05-21,2,43.12,86.24
C10561,2009-05-15,2009-05-24,9,66.59,599.31
C10561,2009-05-15,2009-06-02,3,79.39,238.17
C10561,2009-05-15,2009-06-06,3,74.57,223.71
C10561,2009-05-15,2009-06-18,1,48.36,48.36
C10561,2009-05-15,2009-06-18,2,10.55,21.1
C10561,2009-05-15,2009-07-08,11,78.42,862.62
C10561,2009-05-15,2009-07-15,7,19.9,139.3
C10561,2009-05-15,2009-07-15,11,26.32,289.52
C10561,2009-05-15,2009-10-06,10,72.18,721.8
C10561,2009-05-15,2009-10-08,10,32.78,327.8
C10561,2009-05-15,2009-10-08,4,25.03,100.12
C10561,2009-05-15,2009-10-26,9,45.99,413.91
C10561,2009-05-15,2009-11-18,8,56.52,452.16
C10562,2009-02-19,2009-02-05,6,33.02,198.12
C10562,2009-02-19,2009-02-24,11,63.67,700.37
C10562,2009-02-19,2009-03-04,1,15.01,15.01
C10562,2009-02-19,2009-04-04,5,25.93,129.65
C10562,2009-02-19,2009-04-14,11,36.15,397.65
C10562,2009-02-19,2009-04-26,9,84.71,762.39
C10562,2009-02-19,2009-06-14,2,46.44,92.88
C10562,2009-02-19,2009-06-14,5,68.15,340.75
C10562,2009-02-19,2009-06-14,1,53.27,53.27
C10563,2009-08-31,2009-08-03,3,48.93,146.79
C10563,2009-08-31,2009-08-16,10,22.01,220.1
C10563,2009-08-31,2009-08-18,3,67.19,201.57
C10563,2009-08-31,2009-08-26,3,5.16,15.48
C10563,2009-08-31,2009-09-03,3,58.55,175.65
C10563,2009-08-31,2009-09-04,7,75.24,526.68
C10563,2009-08-31,2009-09-12,2,16.27,32.54
C10563,2009-08-31,2009-09-15,10,11.79,117.9
C10563,2009-08-31,2009-10-10,10,16.93,169.3
C10563,2009-08-31,2009-10-18,6,59.06,354.36
C10563,2009-08-31,2009-10-21,5,34.92,174.6
C10563,2009-08-31,2009-10-22,6,28.02,168.12
C10563,2009-08-31,2009-11-13,10,78.28,782.8
C10564,2009-03-06,2009-03-07,11,39.59,435.49
C10564,2009-03-06,2009-03-25,9,70.65,635.85
C10564,2009-03-06,2009-04-01,2,53.86,107.72
C10564,2009-03-06,2009-04-03,7,67.6,473.2
C10564,2009-03-06,2009-04-24,7,24.43,171.01
C10564,2009-03-06,2009-05-07,1,67.23,67.23
C10564,2009-03-06,2009-07-04,10,65.5,655.0
C10564,2009-03-06,2009-07-15,1,44.13,44.13
C10564,2009-03-06,2009-07-17,8,27.98,223.84
C10565,2009-03-04,2009-03-08,10,14.7,147.0
C10565,2009-03-04,2009-03-23,6,48.2,289.2
C10565,2009-03-04,2009-03-26,3,43.82,131.46
C10565,2009-03-04,2009-03-26,7,25.54,178.78
C10565,2009-03-04,2009-05-06,3,80.76,242.28
C10565,2009-03-04,2009-05-12,2,54.68,109.36
C10565,2009-03-04,2009-05-16,1,8.39,8.39
C10566,2009-03-10,2009-03-13,8,84.35,674.8
C10566,2009-03-10,2009-03-21,2,28.85,57.7
C10566,2009-03-10,2009-04-07,8,39.01,312.08
C10566,2009-03-10,2009-04-12,9,30.89,278.01
C10567,2009-06-25,2009-06-08,5,34.28,171.4
C10567,2009-06-25,2009-07-04,3,35.74,107.22
C10567,2009-06-25,2009-07-06,11,26.95,296.45
C10567,2009-06-25,2009-07-15,3,46.37,139.11
C10567,2009-06-25,2009-07-23,11,72.15,793.65
C10567,2009-06-25,2009-08-14,10,18.72,187.2
C10567,2009-06-25,2009-08-16,4,32.67,130.68
C10567,2009-06-25,2009-08-17,3,65.74,197.22
C10567,2009-06-25,2009-08-22,10,62.74,627.4
C10567,2009-06-25,2009-09-09,5,70.8,354.0
C10567,2009-06-25,2009-11-02,10,43.5,435.0
C10567,2009-06-25,2009-11-05,6,8.49,50.94
C10567,2009-06-25,2009-11-06,3,52.47,157.41
C10567,2009-06-25,2009-11-19,2,68.86,137.72
C10568,2009-06-05,2009-06-09,8,77.64,621.12
C10568,2009-06-05,2009-06-20,3,41.35,124.05
C10568,2009-06-05,2009-06-22,1,54.1,54.1
C10568,2009-06-05,2009-07-06,5,75.64,378.2
C10568,2009-06-05,2009-07-11,2,68.62,137.24
C10568,2009-06-05,2009-08-07,5,60.43,302.15
C10568,2009-06-05,2009-08-12,10,47.19,471.9
C10569,2009-09-17,2009-09-13,10,23.64,236.4
C10569,2009-09-17,2009-09-16,6,37.31,223.86
C10569,2009-09-17,2009-09-16,4,35.18,140.72
C10569,2009-09-17,2009-09-21,10,52.24,522.4
C10569,2009-09-17,2009-10-11,3,75.96,227.88
C10569,2009-09-17,2009-10-15,5,34.25,171.25
C10569,2009-09-17,2009-10-21,2,59.22,118.44
C10569,2009-09-17,2009-10-21,5,52.44,262.2
C10569,2009-09-17,2009-11-02,2,22.3,44.6
C10569,2009-09-17,2009-11-03,8,32.49,259.92
C10569,2009-09-17,2009-11-13,10,2.52,25.2
C10569,2009-09-17,2010-01-23,8,79.3,634.4
C10569,2009-09-17,2010-01-26,2,2.37,4.74
C10570,2009-04-24,2009-04-03,5,66.63,333.15
C10570,2009-04-24,2009-04-27,5,40.86,204.3
C10570,2009-04-24,2009-04-27,4,61.82,247.28
C10571,2009-03-19,2009-03-01,5,25.36,126.8
C10571,2009-03-19,2009-03-09,10,14.04,140.4
C10571,2009-03-19,2009-03-10,1,14.41,14.41
C10571,2009-03-19,2009-03-14,3,4.13,12.39
C10571,2009-03-19,2009-04-11,1,27.27,27.27
C10571,2009-03-19,2009-04-15,11,51.08,561.88
C10571,2009-03-19,2009-04-26,6,31.05,186.3
C10571,2009-03-19,2009-04-26,1,66.85,66.85
C10571,2009-03-19,2009-06-05,7,56.86,398.02
C10571,2009-03-19,2009-07-07,8,42.81,342.48
C10571,2009-03-19,2009-07-15,11,3.37,37.07
C10571,2009-03-19,2009-07-24,8,62.0,496.0
C10572,2009-01-14,2009-01-02,2,73.58,147.16
C10572,2009-01-14,2009-01-06,9,31.59,284.31
C10572,2009-01-14,2009-01-08,10,31.13,311.3
C10572,2009-01-14,2009-01-13,8,42.87,342.96
C10572,2009-01-14,2009-03-02,6,33.67,202.02
C10572,2009-01-14,2009-03-15,2,16.52,33.04
C10572,2009-01-14,2009-04-01,8,32.17,257.36
C10572,2009-01-14,2009-04-14,9,73.22,658.98
C10572,2009-01-14,2009-04-14,4,68.43,273.72
C10572,2009-01-14,2009-04-21,2,36.16,72.32
C10572,2009-01-14,2009-05-02,6,47.13,282.78
C10572,2009-01-14,2009-05-03,11,10.69,117.59
C10572,2009-01-14,2009-05-12,4,6.36,25.44
C10572,2009-01-14,2009-05-23,2,46.65,93.3
C10573,2009-01-02,2009-01-13,6,33.98,203.88
C10573,2009-01-02,2009-01-23,11,79.52,874.72
C10573,2009-01-02,2009-01-24,8,48.69,389.52
C10573,2009-01-02,2009-01-27,3,53.47,160.41
C10573,2009-01-02,2009-02-14,7,11.09,77.63
C10573,2009-01-02,2009-02-18,6,30.65,183.9
C10573,2009-01-02,2009-02-22,11,11.66,128.26
C10573,2009-01-02,2009-03-04,4,70.54,282.16
C10573,2009-01-02,2009-03-09,8,2.58,20.64
C10573,2009-01-02,2009-03-23,5,4.18,20.9
C10573,2009-01-02,2009-03-24,3,64.26,192.78
C10574,2009-04-12,2009-04-07,4,34.97,139.88
C10574,2009-04-12,2009-04-14,6,63.21,379.26
C10574,2009-04-12,2009-04-21,3,77.45,232.35
C10574,2009-04-12,2009-06-13,5,75.61,378.05
C10574,2009-04-12,2009-06-19,1,3.89,3.89
C10574,2009-04-12,2009-06-19,3,70.69,212.07
C10574,2009-04-12,2009-07-08,1,17.29,17.29
C10575,2009-09-10,2009-09-03,6,20.93,125.58
C10575,2009-09-10,2009-09-08,10,41.02,410.2
C10575,2009-09-10,2009-09-22,11,15.57,171.27
C10575,2009-09-10,2009-10-04,1,31.34,31.34
C10575,2009-09-10,2009-11-05,11,15.61,171.71
C10575,2009-09-10,2009-11-19,3,51.47,154.41
C10575,2009-09-10,2009-11-27,11,40.46,445.06
C10575,2009-09-10,2009-12-03,9,25.42,228.78
C10575,2009-09-10,2009-12-05,9,8.33,74.97
C10575,2009-09-10,2009-12-21,3,17.2,51.6
C10576,2009-05-23,2009-05-04,1,46.29,46.29
C10576,2009-05-23,2009-05-09,5,70.72,353.6
C10576,2009-05-23,2009-05-13,10,2.83,28.3
C10576,2009-05-23,2009-05-22,6,74.26,445.56
C10576,2009-05-23,2009-06-12,4,34.52,138.08
C10576,2009-05-23,2009-06-12,7,46.53,325.71
C10576,2009-05-23,2009-06-25,8,62.32,498.56
C10576,2009-05-23,2009-06-25,9,42.97,386.73
C10576,2009-05-23,2009-07-05,10,17.57,175.7
C10576,2009-05-23,2009-07-24,11,50.18,551.98
C10577,2009-09-01,2009-09-16,11,47.47,522.17
C10577,2009-09-01,2009-09-18,10,31.43,314.3
C10577,2009-09-01,2009-09-18,1,62.98,62.98
C10577,2009-09-01,2009-09-19,5,19.77,98.85
C10577,2009-09-01,2009-10-20,7,57.83,404.81
C10577,2009-09-01,2010-01-03,5,21.59,107.95
C10577,2009-09-01,2010-01-04,4,84.32,337.28
C10577,2009-09-01,2010-01-19,5,12.89,64.45
C10577,2009-09-01,2010-02-05,11,20.99,230.89
C10577,2009-09-01,2010-02-20,4,78.42,313.68
C10578,2009-01-28,2009-01-04,3,3.08,9.24
C10578,2009-01-28,2009-01-11,11,3.33,36.63
C10578,2009-01-28,2009-01-21,6,22.53,135.18
C10578,2009-01-28,2009-02-13,8,5.88,47.04
C10578,2009-01-28,2009-02-17,2,20.71,41.42
C10578,2009-01-28,2009-02-19,10,31.98,319.8
C10578,2009-01-28,2009-03-06,2,54.53,109.06
C10578,2009-01-28,2009-03-12,11,26.98,296.78
C10578,2009-01-28,2009-03-14,9,37.44,336.96
C10579,2009-01-26,2009-01-01,4,48.84,195.36
C10579,2009-01-26,2009-01-08,4,2.31,9.24
C10579,2009-01-26,2009-01-08,11,56.2,618.2
C10579,2009-01-26,2009-01-13,11,21.92,241.12
C10579,2009-01-26,2009-10-07,9,20.93,188.37
C10579,2009-01-26,2009-10-12,10,56.61,566.1
C10579,2009-01-26,2009-10-14,9,76.18,685.62
C10579,2009-01-26,2009-10-18,10,75.93,759.3
C10580,2009-08-16,2009-08-14,8,3.1,24.8
C10580,2009-08-16,2009-08-16,4,49.61,198.44
C10580,2009-08-16,2009-08-18,3,80.31,240.93
C10580,2009-08-16,2009-08-25,2,14.57,29.14
C10580,2009-08-16,2009-10-09,9,29.59,266.31
C10580,2009-08-16,2009-12-02,9,83.65,752.85
C10580,2009-08-16,2009-12-03,3,3.85,11.55
C10581,2009-01-30,2009-01-02,8,39.44,315.52
C10581,2009-01-30,2009-01-07,11,44.33,487.63
C10581,2009-01-30,2009-02-09,4,42.36,169.44
C10581,2009-01-30,2009-02-13,5,11.38,56.9
C10581,2009-01-30,2009-05-02,11,70.74,778.14
C10581,2009-01-30,2009-05-03,10,15.04,150.4
C10581,2009-01-30,2009-05-04,4,7.12,28.48
C10581,2009-01-30,2009-05-23,4,53.02,212.08
C10582,2009-01-15,2009-01-04,9,48.18,433.62
C10582,2009-01-15,2009-01-10,3,9.02,27.06
C10582,2009-01-15,2009-01-12,5,9.61,48.05
C10582,2009-01-15,2009-01-17,2,3.98,7.96
C10582,2009-01-15,2009-02-11,10,27.01,270.1
C10582,2009-01-15,2009-02-27,6,21.99,131.94
C10582,2009-01-15,2009-05-21,8,79.67,637.36
C10582,2009-01-15,2009-05-24,6,5.0,30.0
C10583,2009-04-21,2009-04-08,7,4.02,28.14
C10583,2009-04-21,2009-04-24,2,39.42,78.84
C10583,2009-04-21,2009-06-17,3,72.31,216.93
C10584,2009-09-10,2009-09-02,8,13.47,107.76
C10584,2009-09-10,2009-10-01,3,40.7,122.1
C10584,2009-09-10,2009-10-03,7,19.59,137.13
C10584,2009-09-10,2009-10-03,4,58.16,232.64
C10584,2009-09-10,2009-10-13,1,42.57,42.57
C10584,2009-09-10,2009-11-04,11,21.52,236.72
C10584,2009-09-10,2009-11-17,6,18.4,110.4
C10585,2009-07-08,2009-07-03,10,34.96,349.6
C10585,2009-07-08,2009-07-17,5,67.59,337.95
C10585,2009-07-08,2009-07-18,3,26.83,80.49
C10585,2009-07-08,2009-07-25,3,46.54,139.62
C10586,2009-01-28,2009-01-14,3,82.44,247.32
C10586,2009-01-28,2009-03-25,4,58.48,233.92
C10587,2009-08-17,2009-08-11,1,35.54,35.54
C10587,2009-08-17,2009-08-23,3,80.71,242.13
C10587,2009-08-17,2009-09-04,5,54.43,272.15
C10587,2009-08-17,2009-09-06,10,7.15,71.5
C10587,2009-08-17,2009-10-06,6,68.08,408.48
C10587,2009-08-17,2009-10-15,4,49.23,196.92
C10588,2009-08-19,2009-08-08,1,43.48,43.48
C10588,2009-08-19,2009-09-06,6,22.38,134.28
C10588,2009-08-19,2009-09-08,4,8.37,33.48
C10588,2009-08-19,2009-09-19,10,63.22,632.2
C10588,2009-08-19,2009-12-26,2,39.03,78.06
C10589,2009-08-07,2009-08-18,6,80.81,484.86
C10589,2009-08-07,2009-08-21,5,15.54,77.7
C10589,2009-08-07,2009-09-17,10,30.81,308.1
C10589,2009-08-07,2009-09-26,2,34.72,69.44
C10589,2009-08-07,2009-10-15,1,17.62,17.62
C10590,2009-09-04,2009-09-15,5,9.91,49.55
C10590,2009-09-04,2009-09-17,4,49.02,196.08
C10590,2009-09-04,2009-09-18,5,23.77,118.85
C10590,2009-09-04,2009-09-24,8,70.82,566.56
C10590,2009-09-04,2009-10-04,2,13.13,26.26
C10590,2009-09-04,2009-12-08,10,32.59,325.9
C10590,2009-09-04,2009-12-09,6,18.68,112.08
C10590,2009-09-04,2009-12-21,5,64.3,321.5
C10590,2009-09-04,2010-03-12,11,52.62,578.82
C10591,2009-03-07,2009-03-01,6,20.57,123.42
C10591,2009-03-07,2009-03-17,9,10.79,97.11
C10591,2009-03-07,2009-03-27,3,10.37,31.11
C10591,2009-03-07,2009-07-06,11,49.5,544.5
C10591,2009-03-07,2009-07-25,1,64.06,64.06
C10592,2009-09-25,2009-09-05,3,10.02,30.06
C10592,2009-09-25,2009-09-24,11,15.68,172.48
C10592,2009-09-25,2009-12-09,3,14.85,44.55
C10593,2009-03-29,2009-03-02,1,82.33,82.33
C10593,2009-03-29,2009-03-23,11,11.83,130.13
C10593,2009-03-29,2009-04-27,7,61.36,429.52
C10593,2009-03-29,2009-05-03,2,34.1,68.2
C10593,2009-03-29,2009-05-14,5,57.48,287.4
C10593,2009-03-29,2009-05-18,1,67.9,67.9
C10593,2009-03-29,2009-05-26,9,37.04,333.36
C10593,2009-03-29,2009-08-19,10,36.13,361.3
C10593,2009-03-29,2009-08-26,3,46.89,140.67
C10594,2009-08-07,2009-08-05,5,24.89,124.45
C10594,2009-08-07,2009-08-12,6,67.05,402.3
C10594,2009-08-07,2009-08-20,6,82.16,492.96
C10594,2009-08-07,2009-08-26,8,55.06,440.48
C10594,2009-08-07,2009-11-18,6,12.36,74.16
C10594,2009-08-07,2009-11-18,7,40.76,285.32
C10594,2009-08-07,2009-11-22,11,70.39,774.29
C10595,2009-06-08,2009-06-27,7,6.38,44.66
C10595,2009-06-08,2009-06-27,5,20.49,102.45
C10595,2009-06-08,2009-07-01,11,26.8,294.8
C10595,2009-06-08,2009-07-11,10,42.39,423.9
C10595,2009-06-08,2009-07-18,7,82.43,577.01
C10595,2009-06-08,2009-07-25,3,59.76,179.28
C10595,2009-06-08,2009-09-09,7,47.86,335.02
C10595,2009-06-08,2009-09-13,1,60.78,60.78
C10595,2009-06-08,2009-09-22,1,84.48,84.48
C10595,2009-06-08,2009-12-17,10,27.39,273.9
C10595,2009-06-08,2009-12-20,2,39.93,79.86
C10596,2009-08-01,2009-08-05,3,72.96,218.88
C10596,2009-08-01,2009-08-07,10,80.26,802.6
C10596,2009-08-01,2009-08-14,3,2.56,7.68
C10596,2009-08-01,2009-08-24,2,64.39,128.78
C10596,2009-08-01,2009-09-04,4,35.73,142.92
C10596,2009-08-01,2009-10-02,3,67.95,203.85
C10596,2009-08-01,2009-10-24,2,40.02,80.04
C10596,2009-08-01,2009-10-25,7,65.16,456.12
C10597,2009-06-21,2009-06-05,1,29.67,29.67
C10597,2009-06-21,2009-07-16,11,42.1,463.1
C10597,2009-06-21,2009-07-27,7,12.05,84.35
C10598,2009-06-25,2009-06-09,6,53.88,323.28
C10598,2009-06-25,2009-06-20,4,19.29,77.16
C10598,2009-06-25,2009-06-22,7,50.05,350.35
C10598,2009-06-25,2009-06-26,1,74.71,74.71
C10598,2009-06-25,2009-07-03,2,14.36,28.72
C10598,2009-06-25,2009-07-07,6,7.34,44.04
C10598,2009-06-25,2009-07-09,7,84.63,592.41
C10598,2009-06-25,2009-07-19,6,29.47,176.82
C10598,2009-06-25,2009-08-09,11,28.85,317.35
C10598,2009-06-25,2009-08-20,2,15.99,31.98
C10598,2009-06-25,2009-11-04,4,15.3,61.2
C10598,2009-06-25,2009-11-15,3,17.8,53.4
C10598,2009-06-25,2009-11-16,8,11.19,89.52
C10599,2009-06-18,2009-06-02,3,9.91,29.73
C10599,2009-06-18,2009-06-07,2,74.26,148.52
C10599,2009-06-18,2009-06-09,7,12.23,85.61
C10599,2009-06-18,2009-08-15,2,18.71,37.42
C10599,2009-06-18,2009-08-16,6,80.34,482.04
C10599,2009-06-18,2009-08-23,7,83.33,583.31
C10600,2009-08-01,2009-08-18,11,52.9,581.9
C10600,2009-08-01,2009-09-06,8,64.06,512.48
C10600,2009-08-01,2009-09-18,6,21.7,130.2
C10601,2009-07-21,2009-07-01,9,36.97,332.73
C10601,2009-07-21,2009-07-12,5,69.06,345.3
C10601,2009-07-21,2009-07-17,5,64.91,324.55
C10601,2009-07-21,2009-07-19,9,77.12,694.08
C10601,2009-07-21,2009-08-01,7,47.12,329.84
C10601,2009-07-21,2009-08-11,5,80.48,402.4
C10601,2009-07-21,2009-08-18,7,54.28,379.96
C10601,2009-07-21,2009-08-25,8,47.91,383.28
C10601,2009-07-21,2009-12-16,10,45.44,454.4
C10601,2009-07-21,2009-12-17,7,9.72,68.04
C10601,2009-07-21,2009-12-25,6,73.86,443.16
C10602,2009-02-06,2009-02-02,5,39.86,199.3
C10602,2009-02-06,2009-02-11,5,17.99,89.95
C10602,2009-02-06,2009-03-08,5,56.41,282.05
C10602,2009-02-06,2009-03-09,5,56.95,284.75
C10602,2009-02-06,2009-03-11,8,80.95,647.6
C10602,2009-02-06,2009-03-17,2,29.93,59.86
C10602,2009-02-06,2009-04-09,7,45.4,317.8
C10602,2009-02-06,2009-04-20,10,32.64,326.4
C10602,2009-02-06,2009-07-11,6,2.88,17.28
C10602,2009-02-06,2009-07-17,3,83.82,251.46
C10603,2009-08-14,2009-08-08,8,22.65,181.2
C10603,2009-08-14,2009-08-09,7,38.52,269.64
C10603,2009-08-14,2009-08-17,10,23.78,237.8
C10603,2009-08-14,2009-10-04,8,3.83,30.64
C10603,2009-08-14,2009-10-05,2,66.04,132.08
C10603,2009-08-14,2009-10-09,4,48.17,192.68
C10603,2009-08-14,2009-10-11,7,52.29,366.03
C10603,2009-08-14,2009-11-10,11,9.54,104.94
C10603,2009-08-14,2009-11-13,4,52.55,210.2
C10603,2009-08-14,2009-11-20,8,59.5,476.0
C10604,2009-05-27,2009-05-14,9,43.65,392.85
C10604,2009-05-27,2009-05-22,1,27.24,27.24
C10604,2009-05-27,2009-05-23,1,84.71,84.71
C10604,2009-05-27,2009-05-27,6,23.79,142.74
C10604,2009-05-27,2009-07-03,1,21.2,21.2
C10604,2009-05-27,2009-07-18,8,36.22,289.76
C10604,2009-05-27,2009-07-22,8,30.4,243.2
C10604,2009-05-27,2009-07-26,1,37.46,37.46
C10605,2009-03-30,2009-03-14,2,11.4,22.8
C10606,2009-05-21,2009-05-10,10,22.33,223.3
C10606,2009-05-21,2009-05-11,9,19.28,173.52
C10606,2009-05-21,2009-05-23,6,42.44,254.64
C10606,2009-05-21,2009-06-06,2,28.28,56.56
C10606,2009-05-21,2009-06-10,6,49.32,295.92
C10606,2009-05-21,2009-06-25,4,73.54,294.16
C10607,2009-09-21,2009-09-11,10,13.24,132.4
C10607,2009-09-21,2009-09-17,2,52.75,105.5
C10607,2009-09-21,2009-09-23,5,15.05,75.25
C10607,2009-09-21,2009-11-12,6,76.39,458.34
C10607,2009-09-21,2009-11-25,4,24.97,99.88
C10607,2009-09-21,2009-12-03,4,59.65,238.6
C10607,2009-09-21,2009-12-23,3,41.72,125.16
C10607,2009-09-21,2009-12-26,3,66.79,200.37
C10608,2009-08-23,2009-08-05,7,75.6,529.2
C10608,2009-08-23,2009-08-25,10,78.28,782.8
C10608,2009-08-23,2009-08-27,6,59.76,358.56
C10608,2009-08-23,2009-09-06,2,64.62,129.24
C10608,2009-08-23,2009-09-13,5,30.6,153.0
C10608,2009-08-23,2009-09-18,4,59.26,237.04
C10608,2009-08-23,2009-09-22,5,48.4,242.0
C10608,2009-08-23,2009-12-26,10,39.3,393.0
C10609,2009-08-16,2009-08-05,10,10.5,105.0
C10609,2009-08-16,2009-08-11,8,3.16,25.28
C10609,2009-08-16,2009-11-09,7,44.08,308.56
C10609,2009-08-16,2009-11-16,7,81.1,567.7
C10610,2009-05-07,2009-05-06,8,50.79,406.32
C10610,2009-05-07,2009-05-17,10,47.95,479.5
C10610,2009-05-07,2009-05-21,8,44.66,357.28
C10610,2009-05-07,2009-05-26,5,28.94,144.7
C10610,2009-05-07,2009-06-13,7,36.44,255.08
C10610,2009-05-07,2009-06-19,9,30.44,273.96
C10610,2009-05-07,2009-06-21,6,29.14,174.84
C10610,2009-05-07,2009-06-24,7,76.12,532.84
C10610,2009-05-07,2009-08-01,1,67.68,67.68
C10610,2009-05-07,2009-08-06,10,67.42,674.2
C10610,2009-05-07,2009-08-22,9,3.9,35.1
C10610,2009-05-07,2009-08-24,11,39.01,429.11
C10611,2009-08-03,2009-08-05,4,19.04,76.16
C10611,2009-08-03,2009-08-23,9,59.82,538.38
C10611,2009-08-03,2009-08-24,7,81.54,570.78
C10611,2009-08-03,2009-08-26,7,42.15,295.05
C10611,2009-08-03,2009-09-03,4,4.0,16.0
C10611,2009-08-03,2009-09-07,9,70.05,630.45
C10611,2009-08-03,2009-10-05,10,23.67,236.7
C10611,2009-08-03,2009-10-23,6,82.66,495.96
C10611,2009-08-03,2009-10-25,2,69.0,138.0
C10611,2009-08-03,2009-10-26,4,51.77,207.08
C10611,2009-08-03,2010-02-04,11,71.58,787.38
C10611,2009-08-03,2010-02-18,3,62.23,186.69
C10611,2009-08-03,2010-03-16,10,33.65,336.5
C10612,2009-04-16,2009-04-02,3,40.71,122.13
C10612,2009-04-16,2009-04-17,4,39.74,158.96
C10612,2009-04-16,2009-05-02,5,83.25,416.25
C10612,2009-04-16,2009-05-19,3,71.11,213.33
C10612,2009-04-16,2009-05-20,4,22.09,88.36
C10612,2009-04-16,2009-05-24,11,54.61,600.71
C10613,2009-07-07,2009-07-14,5,70.11,350.55
C10613,2009-07-07,2009-07-20,9,36.51,328.59
C10613,2009-07-07,2009-07-21,8,22.74,181.92
C10613,2009-07-07,2009-07-25,5,26.2,131.0
C10613,2009-07-07,2009-09-10,11,62.68,689.48
C10613,2009-07-07,2009-09-16,11,45.3,498.3
C10614,2009-06-24,2009-06-11,4,47.81,191.24
C10614,2009-06-24,2009-06-14,10,62.02,620.2
C10614,2009-06-24,2009-06-22,4,72.16,288.64
C10614,2009-06-24,2009-09-27,9,37.7,339.3
C10614,2009-06-24,2009-10-04,5,6.69,33.45
C10614,2009-06-24,2009-10-13,11,71.03,781.33
C10614,2009-06-24,2009-10-22,4,71.4,285.6
C10614,2009-06-24,2009-10-27,6,33.24,199.44
C10614,2009-06-24,2009-11-03,5,19.08,95.4
C10614,2009-06-24,2009-11-05,5,33.68,168.4
C10614,2009-06-24,2009-11-12,5,64.79,323.95
C10614,2009-06-24,2009-11-21,7,51.67,361.69
C10615,2009-03-10,2009-03-20,5,50.09,250.45
C10615,2009-03-10,2009-03-21,6,49.05,294.3
C10615,2009-03-10,2009-03-22,6,34.78,208.68
C10615,2009-03-10,2009-03-27,3,31.48,94.44
C10615,2009-03-10,2009-04-03,8,33.22,265.76
C10615,2009-03-10,2009-04-10,10,29.63,296.3
C10615,2009-03-10,2009-05-02,1,43.25,43.25
C10615,2009-03-10,2009-05-08,3,43.05,129.15
C10615,2009-03-10,2009-05-09,7,79.48,556.36
C10615,2009-03-10,2009-07-11,4,23.63,94.52
C10615,2009-03-10,2009-07-22,9,45.91,413.19
C10615,2009-03-10,2009-07-25,11,22.06,242.66
C10616,2009-03-14,2009-03-05,4,65.81,263.24
C10616,2009-03-14,2009-04-11,2,82.42,164.84
C10616,2009-03-14,2009-05-04,5,7.23,36.15
C10616,2009-03-14,2009-05-14,6,20.27,121.62
C10616,2009-03-14,2009-05-15,10,3.94,39.4
C10617,2009-01-17,2009-01-09,4,26.09,104.36
C10617,2009-01-17,2009-01-26,10,50.54,505.4
C10618,2009-02-08,2009-02-01,2,55.41,110.82
C10618,2009-02-08,2009-02-02,9,49.21,442.89
C10618,2009-02-08,2009-02-13,11,22.84,251.24
C10618,2009-02-08,2009-02-23,9,44.02,396.18
C10618,2009-02-08,2009-04-18,7,39.03,273.21
C10618,2009-02-08,2009-04-25,9,68.66,617.94
C10618,2009-02-08,2009-06-17,9,72.68,654.12
C10618,2009-02-08,2009-06-26,5,66.77,333.85
C10619,2009-04-29,2009-04-03,10,64.64,646.4
C10619,2009-04-29,2009-04-17,8,60.24,481.92
C10619,2009-04-29,2009-04-23,10,32.46,324.6
C10619,2009-04-29,2009-05-05,3,53.14,159.42
C10619,2009-04-29,2009-05-15,7,20.87,146.09
C10619,2009-04-29,2009-05-21,9,71.52,643.68
C10620,2009-05-11,2009-05-14,9,49.41,444.69
C10620,2009-05-11,2009-06-05,11,14.92,164.12
C10620,2009-05-11,2009-06-07,4,38.28,153.12
C10620,2009-05-11,2009-06-09,1,67.74,67.74
C10620,2009-05-11,2009-06-22,9,71.37,642.33
C10621,2009-02-15,2009-02-09,3,46.72,140.16
C10621,2009-02-15,2009-02-21,3,79.71,239.13
C10621,2009-02-15,2009-02-25,3,17.79,53.37
C10621,2009-02-15,2009-07-04,1,20.51,20.51
C10621,2009-02-15,2009-07-07,9,45.16,406.44
C10621,2009-02-15,2009-07-23,9,82.15,739.35
C10621,2009-02-15,2009-08-08,7,28.65,200.55
C10621,2009-02-15,2009-08-09,7,56.95,398.65
C10621,2009-02-15,2009-08-20,4,28.38,113.52
C10621,2009-02-15,2009-08-24,10,3.13,31.3
C10622,2009-04-24,2009-04-17,11,3.19,35.09
C10622,2009-04-24,2009-04-21,4,66.32,265.28
C10622,2009-04-24,2009-05-06,7,18.36,128.52
C10622,2009-04-24,2009-05-06,6,80.43,482.58
C10622,2009-04-24,2009-05-13,8,54.71,437.68
C10622,2009-04-24,2009-05-25,7,68.04,476.28
C10622,2009-04-24,2009-06-10,1,7.56,7.56
C10622,2009-04-24,2009-06-16,10,21.66,216.6
C10622,2009-04-24,2009-06-19,4,52.63,210.52
C10622,2009-04-24,2009-09-13,2,21.52,43.04
C10623,2009-06-14,2009-06-16,1,77.36,77.36
C10623,2009-06-14,2009-06-22,11,2.2,24.2
C10623,2009-06-14,2009-06-22,6,36.35,218.1
C10623,2009-06-14,2009-10-03,5,53.52,267.6
C10623,2009-06-14,2009-10-19,11,72.11,793.21
C10623,2009-06-14,2009-10-23,4,46.68,186.72
C10624,2009-03-05,2009-03-03,11,35.49,390.39
C10624,2009-03-05,2009-03-17,2,54.83,109.66
C10624,2009-03-05,2009-03-25,8,59.11,472.88
C10624,2009-03-05,2009-04-05,3,46.18,138.54
C10624,2009-03-05,2009-04-05,4,30.17,120.68
C10624,2009-03-05,2009-04-13,3,63.81,191.43
C10624,2009-03-05,2009-04-19,11,48.22,530.42
C10624,2009-03-05,2009-05-12,10,36.49,364.9
C10624,2009-03-05,2009-10-10,9,48.56,437.04
C10625,2009-04-03,2009-04-10,7,25.09,175.63
C10625,2009-04-03,2009-07-27,9,32.83,295.47
C10625,2009-04-03,2009-08-06,6,81.25,487.5
C10625,2009-04-03,2009-08-19,2,69.16,138.32
C10625,2009-04-03,2009-09-17,4,53.56,214.24
C10625,2009-04-03,2009-09-20,7,50.0,350.0
C10626,2009-04-11,2009-04-09,2,82.19,164.38
C10626,2009-04-11,2009-04-11,4,40.15,160.6
C10626,2009-04-11,2009-04-20,7,28.08,196.56
C10626,2009-04-11,2009-05-07,1,8.42,8.42
C10626,2009-04-11,2009-05-17,8,7.31,58.48
C10626,2009-04-11,2009-06-12,5,70.83,354.15
C10626,2009-04-11,2009-07-10,7,75.56,528.92
C10626,2009-04-11,2009-07-12,2,27.08,54.16
C10626,2009-04-11,2009-07-12,5,34.24,171.2
C10626,2009-04-11,2009-07-17,7,34.06,238.42
C10626,2009-04-11,2009-10-03,9,49.57,446.13
C10626,2009-04-11,2009-11-26,7,14.06,98.42
C10627,2009-05-18,2009-05-10,6,15.19,91.14
C10627,2009-05-18,2009-05-11,7,23.51,164.57
C10627,2009-05-18,2009-05-14,9,74.65,671.85
C10627,2009-05-18,2009-05-26,2,82.33,164.66
C10628,2009-04-11,2009-04-05,10,53.11,531.1
C10628,2009-04-11,2009-04-08,2,42.76,85.52
C10628,2009-04-11,2009-04-10,10,12.17,121.7
C10628,2009-04-11,2009-04-25,3,38.01,114.03
C10628,2009-04-11,2009-05-10,8,46.39,371.12
C10628,2009-04-11,2009-05-11,5,29.72,148.6
C10628,2009-04-11,2009-05-14,2,6.03,12.06
C10628,2009-04-11,2009-05-22,5,60.73,303.65
C10628,2009-04-11,2009-06-12,7,63.22,442.54
C10628,2009-04-11,2009-06-19,8,38.96,311.68
C10628,2009-04-11,2009-06-25,11,56.54,621.94
C10628,2009-04-11,2009-07-21,3,61.27,183.81
C10628,2009-04-11,2009-08-08,10,63.28,632.8
C10628,2009-04-11,2009-08-25,3,75.19,225.57
C10628,2009-04-11,2009-08-26,9,54.49,490.41
C10629,2009-07-21,2009-07-04,1,9.8,9.8
C10629,2009-07-21,2009-07-26,9,8.97,80.73
C10630,2009-03-31,2009-03-25,9,35.65,320.85
C10630,2009-03-31,2009-05-08,8,30.13,241.04
C10630,2009-03-31,2009-05-13,2,35.08,70.16
C10630,2009-03-31,2009-05-22,5,11.02,55.1
C10631,2009-04-29,2009-04-24,5,66.22,331.1
C10631,2009-04-29,2009-05-21,8,32.85,262.8
C10631,2009-04-29,2009-07-04,3,29.95,89.85
C10631,2009-04-29,2009-07-17,8,58.87,470.96
C10631,2009-04-29,2009-07-18,2,16.09,32.18
C10631,2009-04-29,2009-07-20,3,62.63,187.89
C10631,2009-04-29,2009-10-04,3,49.5,148.5
C10631,2009-04-29,2009-10-15,7,64.15,449.05
C10631,2009-04-29,2009-10-15,3,23.88,71.64
C10632,2009-04-14,2009-04-04,7,79.69,557.83
C10632,2009-04-14,2009-04-17,11,22.94,252.34
C10632,2009-04-14,2009-04-18,1,57.11,57.11
C10632,2009-04-14,2009-04-21,6,18.61,111.66
C10632,2009-04-14,2009-05-12,1,35.44,35.44
C10632,2009-04-14,2009-05-25,1,13.75,13.75
C10632,2009-04-14,2009-09-13,9,58.0,522.0
C10632,2009-04-14,2009-09-22,3,24.73,74.19
C10632,2009-04-14,2009-09-24,3,58.18,174.54
C10632,2009-04-14,2009-10-02,8,75.35,602.8
C10632,2009-04-14,2009-10-11,9,27.85,250.65
C10632,2009-04-14,2009-10-22,2,65.55,131.1
C10633,2009-02-19,2009-02-07,1,10.56,10.56
C10633,2009-02-19,2009-02-08,5,84.93,424.65
C10633,2009-02-19,2009-02-18,3,41.25,123.75
C10633,2009-02-19,2009-02-25,6,42.52,255.12
C10633,2009-02-19,2009-07-04,8,54.56,436.48
C10633,2009-02-19,2009-07-10,11,82.37,906.07
C10633,2009-02-19,2009-07-18,7,78.69,550.83
C10633,2009-02-19,2009-07-27,7,52.43,367.01
C10633,2009-02-19,2009-09-03,4,28.08,112.32
C10633,2009-02-19,2009-09-09,6,82.04,492.24
C10633,2009-02-19,2009-09-17,4,18.06,72.24
C10634,2009-07-07,2009-07-06,4,77.77,311.08
C10634,2009-07-07,2009-07-08,2,50.38,100.76
C10634,2009-07-07,2009-07-18,10,20.09,200.9
C10634,2009-07-07,2009-07-18,2,19.56,39.12
C10634,2009-07-07,2009-09-22,11,75.04,825.44
C10634,2009-07-07,2009-09-26,9,83.11,747.99
C10634,2009-07-07,2009-09-27,7,66.63,466.41
C10634,2009-07-07,2009-10-12,1,26.4,26.4
C10634,2009-07-07,2009-10-14,1,9.22,9.22
C10634,2009-07-07,2009-10-27,7,43.71,305.97
C10634,2009-07-07,2009-11-12,9,52.95,476.55
C10634,2009-07-07,2010-01-01,9,62.53,562.77
C10634,2009-07-07,2010-01-12,10,14.13,141.3
C10634,2009-07-07,2010-01-18,4,44.89,179.56
C10634,2009-07-07,2010-01-19,11,84.85,933.35
C10635,2009-03-06,2009-03-07,2,20.57,41.14
C10635,2009-03-06,2009-03-14,5,8.21,41.05
C10635,2009-03-06,2009-03-27,1,28.81,28.81
C10635,2009-03-06,2009-03-27,11,21.05,231.55
C10635,2009-03-06,2009-04-09,4,41.08,164.32
C10635,2009-03-06,2009-04-12,8,67.45,539.6
C10635,2009-03-06,2009-04-27,4,66.53,266.12
C10635,2009-03-06,2009-05-08,2,78.91,157.82
C10635,2009-03-06,2009-05-20,2,55.49,110.98
C10636,2009-03-23,2009-03-07,2,56.32,112.64
C10636,2009-03-23,2009-03-17,3,24.99,74.97
C10636,2009-03-23,2009-04-16,11,72.47,797.17
C10636,2009-03-23,2009-04-20,4,78.89,315.56
C10636,2009-03-23,2009-04-21,11,74.17,815.87
C10636,2009-03-23,2009-05-08,6,63.11,378.66
C10636,2009-03-23,2009-05-10,4,30.42,121.68
C10636,2009-03-23,2009-05-20,11,2.97,32.67
C10636,2009-03-23,2009-05-27,4,69.85,279.4
C10636,2009-03-23,2009-06-10,7,35.76,250.32
C10636,2009-03-23,2009-06-20,6,52.7,316.2
C10637,2009-08-05,2009-08-23,7,61.14,427.98
C10637,2009-08-05,2009-09-02,8,15.49,123.92
C10637,2009-08-05,2009-09-06,9,71.58,644.22
C10637,2009-08-05,2009-09-22,6,63.23,379.38
C10637,2009-08-05,2009-11-03,8,56.13,449.04
C10637,2009-08-05,2009-11-12,10,55.32,553.2
C10637,2009-08-05,2009-11-12,8,14.04,112.32
C10638,2009-09-17,2009-09-03,10,8.8,88.0
C10638,2009-09-17,2009-09-17,8,38.21,305.68
C10638,2009-09-17,2009-10-08,4,22.88,91.52
C10638,2009-09-17,2009-10-15,8,41.27,330.16
C10638,2009-09-17,2009-10-24,11,29.58,325.38
C10638,2009-09-17,2010-01-02,11,20.01,220.11
C10638,2009-09-17,2010-01-04,2,18.2,36.4
C10638,2009-09-17,2010-01-14,3,70.62,211.86
C10639,2009-07-03,2009-07-09,1,49.87,49.87
C10639,2009-07-03,2009-07-13,8,12.59,100.72
C10640,2009-09-08,2009-09-24,5,9.05,45.25
C10640,2009-09-08,2009-11-07,2,71.12,142.24
C10640,2009-09-08,2009-11-19,11,56.5,621.5
C10640,2009-09-08,2009-11-24,9,60.16,541.44
C10640,2009-09-08,2009-11-25,6,47.14,282.84
C10640,2009-09-08,2010-01-01,5,46.02,230.1
C10640,2009-09-08,2010-01-06,7,29.66,207.62
C10640,2009-09-08,2010-01-10,8,16.89,135.12
C10641,2009-08-22,2009-08-20,1,46.09,46.09
C10641,2009-08-22,2009-08-21,4,74.87,299.48
C10641,2009-08-22,2009-08-27,9,4.83,43.47
C10641,2009-08-22,2009-09-20,10,15.59,155.9
C10641,2009-08-22,2009-12-10,9,20.07,180.63
C10641,2009-08-22,2009-12-22,11,42.83,471.13
C10641,2009-08-22,2009-12-26,2,63.53,127.06
C10642,2009-05-12,2009-05-10,5,44.1,220.5
C10642,2009-05-12,2009-05-14,9,67.31,605.79
C10642,2009-05-12,2009-05-17,10,47.22,472.2
C10642,2009-05-12,2009-05-21,7,69.9,489.3
C10642,2009-05-12,2009-06-04,4,32.25,129.0
C10642,2009-05-12,2009-06-11,6,81.46,488.76
C10642,2009-05-12,2009-06-18,10,78.98,789.8
C10642,2009-05-12,2009-06-24,10,17.87,178.7
C10642,2009-05-12,2009-08-01,10,46.42,464.2
C10642,2009-05-12,2009-08-11,2,20.71,41.42
C10642,2009-05-12,2009-08-16,8,68.7,549.6
C10642,2009-05-12,2009-08-24,7,37.09,259.63
C10642,2009-05-12,2009-09-26,6,17.91,107.46
C10643,2009-07-30,2009-07-09,9,9.12,82.08
C10643,2009-07-30,2009-09-08,11,2.46,27.06
C10643,2009-07-30,2009-09-14,2,36.49,72.98
C10643,2009-07-30,2009-09-19,7,69.65,487.55
C10643,2009-07-30,2009-09-23,7,53.65,375.55
C10644,2009-03-31,2009-03-21,2,75.71,151.42
C10644,2009-03-31,2009-05-02,8,25.5,204.0
C10644,2009-03-31,2009-05-13,2,70.2,140.4
C10644,2009-03-31,2009-05-18,8,42.11,336.88
C10644,2009-03-31,2009-05-27,7,6.81,47.67
C10644,2009-03-31,2009-06-01,4,78.89,315.56
C10644,2009-03-31,2009-06-17,4,44.93,179.72
C10644,2009-03-31,2009-06-20,3,49.88,149.64
C10645,2009-05-06,2009-05-06,2,39.47,78.94
C10646,2009-05-27,2009-05-10,10,50.45,504.5
C10646,2009-05-27,2009-06-11,11,41.84,460.24
C10646,2009-05-27,2009-09-12,1,37.23,37.23
C10646,2009-05-27,2009-09-25,9,74.47,670.23
C10647,2009-09-20,2009-09-04,1,7.42,7.42
C10647,2009-09-20,2009-09-08,4,45.75,183.0
C10647,2009-09-20,2009-09-16,5,51.22,256.1
C10647,2009-09-20,2009-10-05,11,22.49,247.39
C10647,2009-09-20,2009-10-10,4,5.15,20.6
C10647,2009-09-20,2009-10-12,5,51.6,258.0
C10647,2009-09-20,2009-10-17,1,19.4,19.4
C10648,2009-08-20,2009-08-18,6,21.74,130.44
C10648,2009-08-20,2009-10-05,7,12.56,87.92
C10648,2009-08-20,2009-10-05,7,2.25,15.75
C10648,2009-08-20,2009-10-12,6,26.76,160.56
C10648,2009-08-20,2009-10-15,8,79.64,637.12
C10649,2009-05-14,2009-05-02,8,78.62,628.96
C10649,2009-05-14,2009-05-18,6,10.24,61.44
C10649,2009-05-14,2009-05-19,9,2.87,25.83
C10649,2009-05-14,2009-07-03,9,59.23,533.07
